"Foldername";"Path";"Length"
"0.TASKS";"C:\apps\0.TASKS";"15"
"1.SETUP";"C:\apps\1.SETUP";"15"
"Documents";"C:\apps\Documents";"17"
"inventory";"C:\apps\inventory";"17"
"PortableApps";"C:\apps\PortableApps";"20"
"temp";"C:\apps\temp";"12"
"tools";"C:\apps\tools";"13"
"al-dek-nb-dek05";"C:\apps\0.TASKS\al-dek-nb-dek05";"31"
"al-dek-se-bern";"C:\apps\0.TASKS\al-dek-se-bern";"30"
"al-dek-se-kairo";"C:\apps\0.TASKS\al-dek-se-kairo";"31"
"al-its-pc-fio";"C:\apps\0.TASKS\al-its-pc-fio";"29"
"al-its-pc-g20";"C:\apps\0.TASKS\al-its-pc-g20";"29"
"al-its-pc-gXX";"C:\apps\0.TASKS\al-its-pc-gXX";"29"
"al-its-pc-h38";"C:\apps\0.TASKS\al-its-pc-h38";"29"
"al-its-pc-hXX";"C:\apps\0.TASKS\al-its-pc-hXX";"29"
"al-its-se-oslo";"C:\apps\0.TASKS\al-its-se-oslo";"30"
"al-its-se-prag";"C:\apps\0.TASKS\al-its-se-prag";"30"
"g13-al-pc-dell";"C:\apps\0.TASKS\g13-al-pc-dell";"30"
"iat-kg-se-athen";"C:\apps\0.TASKS\iat-kg-se-athen";"31"
"POOLS";"C:\apps\0.TASKS\POOLS";"21"
"SERVERS";"C:\apps\0.TASKS\SERVERS";"23"
"_choco";"C:\apps\0.TASKS\_choco";"22"
"_old_syncthing";"C:\apps\0.TASKS\_old_syncthing";"30"
"_setter";"C:\apps\0.TASKS\_setter";"23"
"__old";"C:\apps\0.TASKS\__old";"21"
"test";"C:\apps\0.TASKS\al-its-pc-fio\test";"34"
"client";"C:\apps\0.TASKS\al-its-pc-g20\client";"36"
"image_status";"C:\apps\0.TASKS\al-its-pc-g20\image_status";"42"
"image_verteilen";"C:\apps\0.TASKS\al-its-pc-g20\image_verteilen";"45"
"mirror";"C:\apps\0.TASKS\al-its-pc-g20\client\mirror";"43"
"snapshot";"C:\apps\0.TASKS\al-its-pc-g20\client\snapshot";"45"
"client";"C:\apps\0.TASKS\al-its-pc-g20\image_status\client";"49"
"mirror";"C:\apps\0.TASKS\al-its-pc-g20\image_status\client\mirror";"56"
"client";"C:\apps\0.TASKS\al-its-pc-g20\image_verteilen\client";"52"
"mirror";"C:\apps\0.TASKS\al-its-pc-g20\image_verteilen\client\mirror";"59"
"client";"C:\apps\0.TASKS\al-its-pc-h38\client";"36"
"image_verteilen";"C:\apps\0.TASKS\al-its-pc-h38\image_verteilen";"45"
"mirror";"C:\apps\0.TASKS\al-its-pc-h38\client\mirror";"43"
"snapshot";"C:\apps\0.TASKS\al-its-pc-h38\client\snapshot";"45"
"client";"C:\apps\0.TASKS\al-its-pc-h38\image_verteilen\client";"52"
"mirror";"C:\apps\0.TASKS\al-its-pc-h38\image_verteilen\client\mirror";"59"
"RENAME";"C:\apps\0.TASKS\POOLS\RENAME";"28"
"_";"C:\apps\0.TASKS\POOLS\_";"23"
"_old";"C:\apps\0.TASKS\POOLS\_old";"26"
"_old";"C:\apps\0.TASKS\POOLS\RENAME\_old";"33"
"publish";"C:\apps\0.TASKS\POOLS\_\publish";"31"
"_test";"C:\apps\0.TASKS\POOLS\_\_test";"29"
"10_anpassungen_muster";"C:\apps\0.TASKS\POOLS\_\publish\10_anpassungen_muster";"53"
"zugriff_auf_desktop_beschraenken";"C:\apps\0.TASKS\POOLS\_\publish\zugriff_auf_desktop_beschraenken";"64"
"zugriff_auf_desktop_beschraenken";"C:\apps\0.TASKS\POOLS\_\publish\10_anpassungen_muster\zugriff_auf_desktop_beschraenken";"86"
"110.START.BIOS";"C:\apps\1.SETUP\110.START.BIOS";"30"
"111.CUSTOMIZE";"C:\apps\1.SETUP\111.CUSTOMIZE";"29"
"112.WAKE_ON_LAN";"C:\apps\1.SETUP\112.WAKE_ON_LAN";"31"
"113.C_APPS";"C:\apps\1.SETUP\113.C_APPS";"26"
"115.BASIS.DELL_UND_LENOVO";"C:\apps\1.SETUP\115.BASIS.DELL_UND_LENOVO";"41"
"116.BASIS.FONTS";"C:\apps\1.SETUP\116.BASIS.FONTS";"31"
"116.BASIS.SYSTEMANPASSUNGEN";"C:\apps\1.SETUP\116.BASIS.SYSTEMANPASSUNGEN";"43"
"121.LAUFWERKE.LABELS_SETZEN";"C:\apps\1.SETUP\121.LAUFWERKE.LABELS_SETZEN";"43"
"122.LAUFWERKE.LAUFWERKSBUCHSTABEN";"C:\apps\1.SETUP\122.LAUFWERKE.LAUFWERKSBUCHSTABEN";"49"
"123.LAUFWERKE.BOOTMENUE";"C:\apps\1.SETUP\123.LAUFWERKE.BOOTMENUE";"39"
"124.LAUFWERKE.NETZLAUFWERKE_VERBINDEN";"C:\apps\1.SETUP\124.LAUFWERKE.NETZLAUFWERKE_VERBINDEN";"53"
"141.BASIS.MYAPPS";"C:\apps\1.SETUP\141.BASIS.MYAPPS";"32"
"211.SOFTWARE_VERTEILUNG.CHOCO";"C:\apps\1.SETUP\211.SOFTWARE_VERTEILUNG.CHOCO";"45"
"221.SOFTWARE_VERTEILUNG.OPSI";"C:\apps\1.SETUP\221.SOFTWARE_VERTEILUNG.OPSI";"44"
"611.SOFTWARE_EINRICHTEN.AUTODESK";"C:\apps\1.SETUP\611.SOFTWARE_EINRICHTEN.AUTODESK";"48"
"621.SOFTWARE_EINRICHTEN.MS_OFFICE";"C:\apps\1.SETUP\621.SOFTWARE_EINRICHTEN.MS_OFFICE";"49"
"622.SOFTWARE_EINRICHTEN.MS_OUTLOOK";"C:\apps\1.SETUP\622.SOFTWARE_EINRICHTEN.MS_OUTLOOK";"50"
"623.SOFTWARE_EINRICHTEN.MS_ONEDRIVE";"C:\apps\1.SETUP\623.SOFTWARE_EINRICHTEN.MS_ONEDRIVE";"51"
"624.SOFTWARE_EINRICHTEN.MS_STORE";"C:\apps\1.SETUP\624.SOFTWARE_EINRICHTEN.MS_STORE";"48"
"625.SOFTWARE_EINRICHTEN.MS_POWERTOYS";"C:\apps\1.SETUP\625.SOFTWARE_EINRICHTEN.MS_POWERTOYS";"52"
"626.SOFTWARE_EINRICHTEN.MS_POWERPOINT";"C:\apps\1.SETUP\626.SOFTWARE_EINRICHTEN.MS_POWERPOINT";"53"
"627.SOFTWARE_EINRICHTEN.MS_TERMINAL";"C:\apps\1.SETUP\627.SOFTWARE_EINRICHTEN.MS_TERMINAL";"51"
"628.SOFTWARE_EINRICHTEN.MS_POWERSHELL";"C:\apps\1.SETUP\628.SOFTWARE_EINRICHTEN.MS_POWERSHELL";"53"
"631.SOFTWARE_EINRICHTEN.RHINO";"C:\apps\1.SETUP\631.SOFTWARE_EINRICHTEN.RHINO";"45"
"641.SOFTWARE_EINRICHTEN.SOPHOS";"C:\apps\1.SETUP\641.SOFTWARE_EINRICHTEN.SOPHOS";"46"
"651.SOFTWARE_EINRICHTEN.VSCODE";"C:\apps\1.SETUP\651.SOFTWARE_EINRICHTEN.VSCODE";"46"
"661.SOFTWARE_EINRICHTEN.THUNDERBIRD";"C:\apps\1.SETUP\661.SOFTWARE_EINRICHTEN.THUNDERBIRD";"51"
"662.SOFTWARE_EINRICHTEN.FIREFOX";"C:\apps\1.SETUP\662.SOFTWARE_EINRICHTEN.FIREFOX";"47"
"671.SOFTWARE_EINRICHTEN.ADBOBE";"C:\apps\1.SETUP\671.SOFTWARE_EINRICHTEN.ADBOBE";"46"
"681.SOFTWARE_EINRICHTEN.OBS";"C:\apps\1.SETUP\681.SOFTWARE_EINRICHTEN.OBS";"43"
"682.SOFTWARE_EINRICHTEN.VLC";"C:\apps\1.SETUP\682.SOFTWARE_EINRICHTEN.VLC";"43"
"711.DRUCKER_EINRICHTEN";"C:\apps\1.SETUP\711.DRUCKER_EINRICHTEN";"38"
"811.NETZ.VPN";"C:\apps\1.SETUP\811.NETZ.VPN";"28"
"bios_g";"C:\apps\1.SETUP\110.START.BIOS\bios_g";"37"
"bios_h";"C:\apps\1.SETUP\110.START.BIOS\bios_h";"37"
"1111.POOLS";"C:\apps\1.SETUP\111.CUSTOMIZE\1111.POOLS";"40"
"1112.INVENTORY";"C:\apps\1.SETUP\111.CUSTOMIZE\1112.INVENTORY";"44"
"1113.JT";"C:\apps\1.SETUP\111.CUSTOMIZE\1113.JT";"37"
"BACKGROUND";"C:\apps\1.SETUP\111.CUSTOMIZE\1111.POOLS\BACKGROUND";"51"
"LOGIN";"C:\apps\1.SETUP\111.CUSTOMIZE\1111.POOLS\LOGIN";"46"
"TEMPLATE";"C:\apps\1.SETUP\111.CUSTOMIZE\1111.POOLS\TEMPLATE";"49"
"lockscreen";"C:\apps\1.SETUP\111.CUSTOMIZE\1111.POOLS\TEMPLATE\lockscreen";"60"
"icons.0-9";"C:\apps\1.SETUP\111.CUSTOMIZE\1113.JT\icons.0-9";"47"
"kontextmenue_anpassen";"C:\apps\1.SETUP\116.BASIS.SYSTEMANPASSUNGEN\kontextmenue_anpassen";"65"
"ordner_ausblenden_unter_DIESER_PC";"C:\apps\1.SETUP\116.BASIS.SYSTEMANPASSUNGEN\ordner_ausblenden_unter_DIESER_PC";"77"
"windows-explorer-optionen-anpassen";"C:\apps\1.SETUP\116.BASIS.SYSTEMANPASSUNGEN\windows-explorer-optionen-anpassen";"78"
"Individual Folders";"C:\apps\1.SETUP\116.BASIS.SYSTEMANPASSUNGEN\ordner_ausblenden_unter_DIESER_PC\Individual Folders";"96"
"_log";"C:\apps\1.SETUP\141.BASIS.MYAPPS\_log";"37"
"_MyApps";"C:\apps\1.SETUP\141.BASIS.MYAPPS\_MyApps";"40"
"autodiscover-c-temp";"C:\apps\1.SETUP\622.SOFTWARE_EINRICHTEN.MS_OUTLOOK\autodiscover-c-temp";"70"
"profil";"C:\apps\1.SETUP\661.SOFTWARE_EINRICHTEN.THUNDERBIRD\profil";"58"
"profil";"C:\apps\1.SETUP\662.SOFTWARE_EINRICHTEN.FIREFOX\profil";"54"
"jost_tutorial";"C:\apps\1.SETUP\681.SOFTWARE_EINRICHTEN.OBS\jost_tutorial";"57"
"jost_tutorial";"C:\apps\1.SETUP\681.SOFTWARE_EINRICHTEN.OBS\jost_tutorial\jost_tutorial";"71"
"Booklet_drucken_mit_Finisher";"C:\apps\1.SETUP\711.DRUCKER_EINRICHTEN\Booklet_drucken_mit_Finisher";"67"
"folder";"C:\apps\Documents\folder";"24"
"markdown";"C:\apps\Documents\markdown";"26"
"miete";"C:\apps\Documents\miete";"23"
"Music";"C:\apps\Documents\Music";"23"
"numbers";"C:\apps\Documents\numbers";"25"
"Pictures";"C:\apps\Documents\Pictures";"26"
"poster";"C:\apps\Documents\poster";"24"
"poster_rect";"C:\apps\Documents\poster_rect";"29"
"poster_square";"C:\apps\Documents\poster_square";"31"
"Videos";"C:\apps\Documents\Videos";"24"
"Beispiel_Hardware1";"C:\apps\Documents\folder\Beispiel_Hardware1";"43"
"Beispiel_Hardware2";"C:\apps\Documents\folder\Beispiel_Hardware2";"43"
"Beispiel_Lizenzen";"C:\apps\Documents\folder\Beispiel_Lizenzen";"42"
"Beispiel_Rechnungen1";"C:\apps\Documents\folder\Beispiel_Rechnungen1";"45"
"Beispiel_Miete1";"C:\apps\Documents\miete\Beispiel_Miete1";"39"
"csv";"C:\apps\Documents\miete\csv";"27"
"md";"C:\apps\Documents\miete\md";"26"
"sum";"C:\apps\Documents\miete\sum";"27"
"0_to_9";"C:\apps\Documents\numbers\0_to_9";"32"
"0_to_99";"C:\apps\Documents\numbers\0_to_99";"33"
"Beispiel_Poster";"C:\apps\Documents\poster\Beispiel_Poster";"40"
"Poster_Beispiel1";"C:\apps\Documents\poster\Poster_Beispiel1";"41"
"Poster_Beispiel2";"C:\apps\Documents\poster\Poster_Beispiel2";"41"
"Poster_Beispiel3";"C:\apps\Documents\poster\Poster_Beispiel3";"41"
"Poster_Beispiel4";"C:\apps\Documents\poster\Poster_Beispiel4";"41"
"Poster_Beispiel5";"C:\apps\Documents\poster\Poster_Beispiel5";"41"
"Poster_Beispiel6";"C:\apps\Documents\poster\Poster_Beispiel6";"41"
"a";"C:\apps\Documents\poster_rect\a";"31"
"b";"C:\apps\Documents\poster_rect\b";"31"
"a";"C:\apps\Documents\poster_square\a";"33"
"b";"C:\apps\Documents\poster_square\b";"33"
"al";"C:\apps\inventory\al";"20"
"common";"C:\apps\inventory\common";"24"
"default";"C:\apps\inventory\default";"25"
"extern";"C:\apps\inventory\extern";"24"
"archland";"C:\apps\inventory\al\archland";"29"
"it";"C:\apps\inventory\al\it";"23"
"plot";"C:\apps\inventory\al\plot";"25"
"pool1";"C:\apps\inventory\al\pool1";"26"
"pool1_server";"C:\apps\inventory\al\pool1_server";"33"
"pool23";"C:\apps\inventory\al\pool23";"27"
"pool23_server";"C:\apps\inventory\al\pool23_server";"34"
"server";"C:\apps\inventory\al\server";"27"
"client";"C:\apps\inventory\al\archland\client";"36"
"master";"C:\apps\inventory\al\archland\master";"36"
"tasks";"C:\apps\inventory\al\archland\tasks";"35"
"data";"C:\apps\inventory\al\archland\client\data";"41"
"export";"C:\apps\inventory\al\archland\client\export";"43"
"files";"C:\apps\inventory\al\archland\client\files";"42"
"folders";"C:\apps\inventory\al\archland\client\folders";"44"
"install";"C:\apps\inventory\al\archland\client\install";"44"
"lengths";"C:\apps\inventory\al\archland\client\lengths";"44"
"lines";"C:\apps\inventory\al\archland\client\lines";"42"
"markdown";"C:\apps\inventory\al\archland\client\markdown";"45"
"mirror";"C:\apps\inventory\al\archland\client\mirror";"43"
"poster";"C:\apps\inventory\al\archland\client\poster";"43"
"update";"C:\apps\inventory\al\archland\client\update";"43"
"wol";"C:\apps\inventory\al\archland\client\wol";"40"
"reports";"C:\apps\inventory\al\archland\master\reports";"44"
"combine";"C:\apps\inventory\al\it\combine";"31"
"data";"C:\apps\inventory\al\it\data";"28"
"files";"C:\apps\inventory\al\it\files";"29"
"folders";"C:\apps\inventory\al\it\folders";"31"
"poster";"C:\apps\inventory\al\it\poster";"30"
"reports";"C:\apps\inventory\al\it\reports";"31"
"client";"C:\apps\inventory\al\plot\client";"32"
"files";"C:\apps\inventory\al\plot\client\files";"38"
"poster";"C:\apps\inventory\al\plot\client\poster";"39"
"client";"C:\apps\inventory\al\pool1\client";"33"
"start";"C:\apps\inventory\al\pool1\start";"32"
"mirror";"C:\apps\inventory\al\pool1\client\mirror";"40"
"recover";"C:\apps\inventory\al\pool1\client\recover";"41"
"client";"C:\apps\inventory\al\pool1_server\client";"40"
"mirror";"C:\apps\inventory\al\pool1_server\client\mirror";"47"
"client";"C:\apps\inventory\al\pool23\client";"34"
"start";"C:\apps\inventory\al\pool23\start";"33"
"mirror";"C:\apps\inventory\al\pool23\client\mirror";"41"
"recover";"C:\apps\inventory\al\pool23\client\recover";"42"
"client";"C:\apps\inventory\al\pool23_server\client";"41"
"mirror";"C:\apps\inventory\al\pool23_server\client\mirror";"48"
"client";"C:\apps\inventory\al\server\client";"34"
"master";"C:\apps\inventory\al\server\master";"34"
"data";"C:\apps\inventory\al\server\client\data";"39"
"export";"C:\apps\inventory\al\server\client\export";"41"
"files";"C:\apps\inventory\al\server\client\files";"40"
"lengths";"C:\apps\inventory\al\server\client\lengths";"42"
"combine";"C:\apps\inventory\al\server\master\combine";"42"
".vscode";"C:\apps\inventory\common\.vscode";"32"
"A";"C:\apps\inventory\common\A";"26"
"Jt";"C:\apps\inventory\common\Jt";"27"
"JtClass";"C:\apps\inventory\common\JtClass";"32"
"JtColRen";"C:\apps\inventory\common\JtColRen";"33"
"JtConfig";"C:\apps\inventory\common\JtConfig";"33"
"JtCsv";"C:\apps\inventory\common\JtCsv";"30"
"JtCsvGenerator";"C:\apps\inventory\common\JtCsvGenerator";"39"
"JtFacFolderRen";"C:\apps\inventory\common\JtFacFolderRen";"39"
"JtFolderRenderer";"C:\apps\inventory\common\JtFolderRenderer";"41"
"JtFolderSummary";"C:\apps\inventory\common\JtFolderSummary";"40"
"JtImageMagick";"C:\apps\inventory\common\JtImageMagick";"38"
"JtInf";"C:\apps\inventory\common\JtInf";"30"
"JtInfi";"C:\apps\inventory\common\JtInfi";"31"
"JtInf_AFolder";"C:\apps\inventory\common\JtInf_AFolder";"38"
"JtInf_Bitlocker";"C:\apps\inventory\common\JtInf_Bitlocker";"40"
"JtInf_Soft";"C:\apps\inventory\common\JtInf_Soft";"35"
"JtInf_Win32Bios";"C:\apps\inventory\common\JtInf_Win32Bios";"40"
"JtInf_Win32ComputerSystem";"C:\apps\inventory\common\JtInf_Win32ComputerSystem";"50"
"JtInf_Win32LogicalDisk";"C:\apps\inventory\common\JtInf_Win32LogicalDisk";"47"
"JtInf_Win32NetworkAdapter";"C:\apps\inventory\common\JtInf_Win32NetworkAdapter";"50"
"JtInf_Win32OperatingSystem";"C:\apps\inventory\common\JtInf_Win32OperatingSystem";"51"
"JtInf_Win32Processor";"C:\apps\inventory\common\JtInf_Win32Processor";"45"
"JtInf_Win32VideoController";"C:\apps\inventory\common\JtInf_Win32VideoController";"51"
"JtIo";"C:\apps\inventory\common\JtIo";"29"
"JtMd";"C:\apps\inventory\common\JtMd";"29"
"JtPreisliste";"C:\apps\inventory\common\JtPreisliste";"37"
"JtRep";"C:\apps\inventory\common\JtRep";"30"
"JtRepo";"C:\apps\inventory\common\JtRepo";"31"
"JtReps";"C:\apps\inventory\common\JtReps";"31"
"JtRep_Bitlocker";"C:\apps\inventory\common\JtRep_Bitlocker";"40"
"JtRep_Folder";"C:\apps\inventory\common\JtRep_Folder";"37"
"JtRep_Hardware";"C:\apps\inventory\common\JtRep_Hardware";"39"
"JtRep_HardwareSn";"C:\apps\inventory\common\JtRep_HardwareSn";"41"
"JtRep_Net";"C:\apps\inventory\common\JtRep_Net";"34"
"JtRep_Obj_Win32Bios";"C:\apps\inventory\common\JtRep_Obj_Win32Bios";"44"
"JtRep_Obj_Win32Computersystem";"C:\apps\inventory\common\JtRep_Obj_Win32Computersystem";"54"
"JtRep_Obj_Win32LogicalDisk";"C:\apps\inventory\common\JtRep_Obj_Win32LogicalDisk";"51"
"JtRep_Obj_Win32NetworkAdapter";"C:\apps\inventory\common\JtRep_Obj_Win32NetworkAdapter";"54"
"JtRep_Obj_Win32OperatingSystem";"C:\apps\inventory\common\JtRep_Obj_Win32OperatingSystem";"55"
"JtRep_Obj_Win32Processor";"C:\apps\inventory\common\JtRep_Obj_Win32Processor";"49"
"JtRep_Obj_Win32VideoController";"C:\apps\inventory\common\JtRep_Obj_Win32VideoController";"55"
"JtRep_Software";"C:\apps\inventory\common\JtRep_Software";"39"
"JtRep_SoftwareAdobe";"C:\apps\inventory\common\JtRep_SoftwareAdobe";"44"
"JtRep_SoftwareMicrosoft";"C:\apps\inventory\common\JtRep_SoftwareMicrosoft";"48"
"JtRep_SoftwareMicrosoftNormal";"C:\apps\inventory\common\JtRep_SoftwareMicrosoftNormal";"54"
"JtRep_SoftwareOpsi";"C:\apps\inventory\common\JtRep_SoftwareOpsi";"43"
"JtRep_SoftwareSecurity";"C:\apps\inventory\common\JtRep_SoftwareSecurity";"47"
"JtRep_SoftwareSupport";"C:\apps\inventory\common\JtRep_SoftwareSupport";"46"
"JtRep_SoftwareVray";"C:\apps\inventory\common\JtRep_SoftwareVray";"43"
"JtRep_Timestamps";"C:\apps\inventory\common\JtRep_Timestamps";"41"
"JtRep_Z_G13";"C:\apps\inventory\common\JtRep_Z_G13";"36"
"JtRep_Z_Iat";"C:\apps\inventory\common\JtRep_Z_Iat";"36"
"JtRep_Z_Lab";"C:\apps\inventory\common\JtRep_Z_Lab";"36"
"JtRep_Z_Pools";"C:\apps\inventory\common\JtRep_Z_Pools";"38"
"JtRep_Z_Server";"C:\apps\inventory\common\JtRep_Z_Server";"39"
"JtRep_Z_Vorwag";"C:\apps\inventory\common\JtRep_Z_Vorwag";"39"
"JtSnapshot";"C:\apps\inventory\common\JtSnapshot";"35"
"JtTbl";"C:\apps\inventory\common\JtTbl";"30"
"JtTemplateFile";"C:\apps\inventory\common\JtTemplateFile";"39"
"JtTime";"C:\apps\inventory\common\JtTime";"31"
"JtTool";"C:\apps\inventory\common\JtTool";"31"
"JtUtil";"C:\apps\inventory\common\JtUtil";"31"
"New-JtIoFolderReport";"C:\apps\inventory\common\New-JtIoFolderReport";"45"
"X";"C:\apps\inventory\common\X";"26"
"csv";"C:\apps\inventory\common\New-JtIoFolderReport\csv";"49"
"client";"C:\apps\inventory\default\client";"32"
"master";"C:\apps\inventory\default\master";"32"
"data";"C:\apps\inventory\default\client\data";"37"
"export";"C:\apps\inventory\default\client\export";"39"
"files";"C:\apps\inventory\default\client\files";"38"
"folders";"C:\apps\inventory\default\client\folders";"40"
"install";"C:\apps\inventory\default\client\install";"40"
"lengths";"C:\apps\inventory\default\client\lengths";"40"
"lines";"C:\apps\inventory\default\client\lines";"38"
"markdown";"C:\apps\inventory\default\client\markdown";"41"
"update";"C:\apps\inventory\default\client\update";"39"
"combine";"C:\apps\inventory\default\master\combine";"40"
"reports";"C:\apps\inventory\default\master\reports";"40"
"g13";"C:\apps\inventory\extern\g13";"28"
"ieg";"C:\apps\inventory\extern\ieg";"28"
"igt";"C:\apps\inventory\extern\igt";"28"
"run";"C:\apps\inventory\extern\run";"28"
"test";"C:\apps\inventory\extern\test";"29"
"vorwag";"C:\apps\inventory\extern\vorwag";"31"
"1by1";"C:\apps\PortableApps\1by1";"25"
"Adios";"C:\apps\PortableApps\Adios";"26"
"BleachBitPortable";"C:\apps\PortableApps\BleachBitPortable";"38"
"CloneSpy";"C:\apps\PortableApps\CloneSpy";"29"
"CommonFiles";"C:\apps\PortableApps\CommonFiles";"32"
"CrystalDiskInfoPortable";"C:\apps\PortableApps\CrystalDiskInfoPortable";"44"
"CrystalDiskMarkPortable";"C:\apps\PortableApps\CrystalDiskMarkPortable";"44"
"cutemarked";"C:\apps\PortableApps\cutemarked";"31"
"dontsleep";"C:\apps\PortableApps\dontsleep";"30"
"EasySupport";"C:\apps\PortableApps\EasySupport";"32"
"fastimageresizer";"C:\apps\PortableApps\fastimageresizer";"37"
"HijackThisPortable";"C:\apps\PortableApps\HijackThisPortable";"39"
"HWiNFOPortable";"C:\apps\PortableApps\HWiNFOPortable";"35"
"IrfanViewPortable";"C:\apps\PortableApps\IrfanViewPortable";"38"
"IronPortable";"C:\apps\PortableApps\IronPortable";"33"
"JPEGtoPDF";"C:\apps\PortableApps\JPEGtoPDF";"30"
"pdfsam";"C:\apps\PortableApps\pdfsam";"27"
"PDFTKBuilderPortable";"C:\apps\PortableApps\PDFTKBuilderPortable";"41"
"PortableApps.com";"C:\apps\PortableApps\PortableApps.com";"37"
"PuTTYPortable";"C:\apps\PortableApps\PuTTYPortable";"34"
"Recuva";"C:\apps\PortableApps\Recuva";"27"
"RegshotPortable";"C:\apps\PortableApps\RegshotPortable";"36"
"ScreenToGif.2.27.3.Portable";"C:\apps\PortableApps\ScreenToGif.2.27.3.Portable";"48"
"SoundVolumeView";"C:\apps\PortableApps\SoundVolumeView";"36"
"SSD-ZPortable";"C:\apps\PortableApps\SSD-ZPortable";"34"
"Sumatra";"C:\apps\PortableApps\Sumatra";"28"
"SystemExplorerPortable";"C:\apps\PortableApps\SystemExplorerPortable";"43"
"WinDirStatPortable";"C:\apps\PortableApps\WinDirStatPortable";"39"
"WinSCPPortable";"C:\apps\PortableApps\WinSCPPortable";"35"
"WiseDataRecoveryPortable";"C:\apps\PortableApps\WiseDataRecoveryPortable";"45"
"WiseDiskCleanerPortable";"C:\apps\PortableApps\WiseDiskCleanerPortable";"44"
"ZintPortable";"C:\apps\PortableApps\ZintPortable";"33"
"ZoomItPortable";"C:\apps\PortableApps\ZoomItPortable";"35"
"App";"C:\apps\PortableApps\BleachBitPortable\App";"42"
"Data";"C:\apps\PortableApps\BleachBitPortable\Data";"43"
"Other";"C:\apps\PortableApps\BleachBitPortable\Other";"44"
"AppInfo";"C:\apps\PortableApps\BleachBitPortable\App\AppInfo";"50"
"BleachBit";"C:\apps\PortableApps\BleachBitPortable\App\BleachBit";"52"
"DefaultData";"C:\apps\PortableApps\BleachBitPortable\App\DefaultData";"54"
"Launcher";"C:\apps\PortableApps\BleachBitPortable\App\AppInfo\Launcher";"59"
"data";"C:\apps\PortableApps\BleachBitPortable\App\BleachBit\data";"57"
"etc";"C:\apps\PortableApps\BleachBitPortable\App\BleachBit\etc";"56"
"lib";"C:\apps\PortableApps\BleachBitPortable\App\BleachBit\lib";"56"
"share";"C:\apps\PortableApps\BleachBitPortable\App\BleachBit\share";"58"
"themes";"C:\apps\PortableApps\BleachBitPortable\App\BleachBit\themes";"59"
"dbus-1";"C:\apps\PortableApps\BleachBitPortable\App\BleachBit\etc\dbus-1";"63"
"fonts";"C:\apps\PortableApps\BleachBitPortable\App\BleachBit\etc\fonts";"62"
"gtk-3.0";"C:\apps\PortableApps\BleachBitPortable\App\BleachBit\etc\gtk-3.0";"64"
"pango";"C:\apps\PortableApps\BleachBitPortable\App\BleachBit\etc\pango";"62"
"conf.d";"C:\apps\PortableApps\BleachBitPortable\App\BleachBit\etc\fonts\conf.d";"69"
"girepository-1.0";"C:\apps\PortableApps\BleachBitPortable\App\BleachBit\lib\girepository-1.0";"73"
"gtk-3.0";"C:\apps\PortableApps\BleachBitPortable\App\BleachBit\lib\gtk-3.0";"64"
"3.0.0";"C:\apps\PortableApps\BleachBitPortable\App\BleachBit\lib\gtk-3.0\3.0.0";"70"
"theming-engines";"C:\apps\PortableApps\BleachBitPortable\App\BleachBit\lib\gtk-3.0\3.0.0\theming-engines";"86"
"cleaners";"C:\apps\PortableApps\BleachBitPortable\App\BleachBit\share\cleaners";"67"
"glib-2.0";"C:\apps\PortableApps\BleachBitPortable\App\BleachBit\share\glib-2.0";"67"
"icons";"C:\apps\PortableApps\BleachBitPortable\App\BleachBit\share\icons";"64"
"locale";"C:\apps\PortableApps\BleachBitPortable\App\BleachBit\share\locale";"65"
"schemas";"C:\apps\PortableApps\BleachBitPortable\App\BleachBit\share\glib-2.0\schemas";"75"
"Adwaita";"C:\apps\PortableApps\BleachBitPortable\App\BleachBit\share\icons\Adwaita";"72"
"hicolor";"C:\apps\PortableApps\BleachBitPortable\App\BleachBit\share\icons\hicolor";"72"
"16x16";"C:\apps\PortableApps\BleachBitPortable\App\BleachBit\share\icons\Adwaita\16x16";"78"
"24x24";"C:\apps\PortableApps\BleachBitPortable\App\BleachBit\share\icons\Adwaita\24x24";"78"
"32x32";"C:\apps\PortableApps\BleachBitPortable\App\BleachBit\share\icons\Adwaita\32x32";"78"
"scalable";"C:\apps\PortableApps\BleachBitPortable\App\BleachBit\share\icons\Adwaita\scalable";"81"
"actions";"C:\apps\PortableApps\BleachBitPortable\App\BleachBit\share\icons\Adwaita\16x16\actions";"86"
"actions";"C:\apps\PortableApps\BleachBitPortable\App\BleachBit\share\icons\Adwaita\24x24\actions";"86"
"actions";"C:\apps\PortableApps\BleachBitPortable\App\BleachBit\share\icons\Adwaita\32x32\actions";"86"
"actions";"C:\apps\PortableApps\BleachBitPortable\App\BleachBit\share\icons\Adwaita\scalable\actions";"89"
"af";"C:\apps\PortableApps\BleachBitPortable\App\BleachBit\share\locale\af";"68"
"ar";"C:\apps\PortableApps\BleachBitPortable\App\BleachBit\share\locale\ar";"68"
"ast";"C:\apps\PortableApps\BleachBitPortable\App\BleachBit\share\locale\ast";"69"
"be";"C:\apps\PortableApps\BleachBitPortable\App\BleachBit\share\locale\be";"68"
"bg";"C:\apps\PortableApps\BleachBitPortable\App\BleachBit\share\locale\bg";"68"
"bn";"C:\apps\PortableApps\BleachBitPortable\App\BleachBit\share\locale\bn";"68"
"bs";"C:\apps\PortableApps\BleachBitPortable\App\BleachBit\share\locale\bs";"68"
"ca";"C:\apps\PortableApps\BleachBitPortable\App\BleachBit\share\locale\ca";"68"
"cs";"C:\apps\PortableApps\BleachBitPortable\App\BleachBit\share\locale\cs";"68"
"da";"C:\apps\PortableApps\BleachBitPortable\App\BleachBit\share\locale\da";"68"
"de";"C:\apps\PortableApps\BleachBitPortable\App\BleachBit\share\locale\de";"68"
"el";"C:\apps\PortableApps\BleachBitPortable\App\BleachBit\share\locale\el";"68"
"en_AU";"C:\apps\PortableApps\BleachBitPortable\App\BleachBit\share\locale\en_AU";"71"
"en_CA";"C:\apps\PortableApps\BleachBitPortable\App\BleachBit\share\locale\en_CA";"71"
"en_GB";"C:\apps\PortableApps\BleachBitPortable\App\BleachBit\share\locale\en_GB";"71"
"eo";"C:\apps\PortableApps\BleachBitPortable\App\BleachBit\share\locale\eo";"68"
"es";"C:\apps\PortableApps\BleachBitPortable\App\BleachBit\share\locale\es";"68"
"et";"C:\apps\PortableApps\BleachBitPortable\App\BleachBit\share\locale\et";"68"
"eu";"C:\apps\PortableApps\BleachBitPortable\App\BleachBit\share\locale\eu";"68"
"fa";"C:\apps\PortableApps\BleachBitPortable\App\BleachBit\share\locale\fa";"68"
"fi";"C:\apps\PortableApps\BleachBitPortable\App\BleachBit\share\locale\fi";"68"
"fr";"C:\apps\PortableApps\BleachBitPortable\App\BleachBit\share\locale\fr";"68"
"gl";"C:\apps\PortableApps\BleachBitPortable\App\BleachBit\share\locale\gl";"68"
"he";"C:\apps\PortableApps\BleachBitPortable\App\BleachBit\share\locale\he";"68"
"hi";"C:\apps\PortableApps\BleachBitPortable\App\BleachBit\share\locale\hi";"68"
"hr";"C:\apps\PortableApps\BleachBitPortable\App\BleachBit\share\locale\hr";"68"
"hu";"C:\apps\PortableApps\BleachBitPortable\App\BleachBit\share\locale\hu";"68"
"ia";"C:\apps\PortableApps\BleachBitPortable\App\BleachBit\share\locale\ia";"68"
"id";"C:\apps\PortableApps\BleachBitPortable\App\BleachBit\share\locale\id";"68"
"it";"C:\apps\PortableApps\BleachBitPortable\App\BleachBit\share\locale\it";"68"
"ja";"C:\apps\PortableApps\BleachBitPortable\App\BleachBit\share\locale\ja";"68"
"ko";"C:\apps\PortableApps\BleachBitPortable\App\BleachBit\share\locale\ko";"68"
"ku";"C:\apps\PortableApps\BleachBitPortable\App\BleachBit\share\locale\ku";"68"
"ky";"C:\apps\PortableApps\BleachBitPortable\App\BleachBit\share\locale\ky";"68"
"lt";"C:\apps\PortableApps\BleachBitPortable\App\BleachBit\share\locale\lt";"68"
"lv";"C:\apps\PortableApps\BleachBitPortable\App\BleachBit\share\locale\lv";"68"
"ms";"C:\apps\PortableApps\BleachBitPortable\App\BleachBit\share\locale\ms";"68"
"my";"C:\apps\PortableApps\BleachBitPortable\App\BleachBit\share\locale\my";"68"
"nb";"C:\apps\PortableApps\BleachBitPortable\App\BleachBit\share\locale\nb";"68"
"nds";"C:\apps\PortableApps\BleachBitPortable\App\BleachBit\share\locale\nds";"69"
"nl";"C:\apps\PortableApps\BleachBitPortable\App\BleachBit\share\locale\nl";"68"
"nn";"C:\apps\PortableApps\BleachBitPortable\App\BleachBit\share\locale\nn";"68"
"pl";"C:\apps\PortableApps\BleachBitPortable\App\BleachBit\share\locale\pl";"68"
"pt";"C:\apps\PortableApps\BleachBitPortable\App\BleachBit\share\locale\pt";"68"
"pt_BR";"C:\apps\PortableApps\BleachBitPortable\App\BleachBit\share\locale\pt_BR";"71"
"ro";"C:\apps\PortableApps\BleachBitPortable\App\BleachBit\share\locale\ro";"68"
"ru";"C:\apps\PortableApps\BleachBitPortable\App\BleachBit\share\locale\ru";"68"
"se";"C:\apps\PortableApps\BleachBitPortable\App\BleachBit\share\locale\se";"68"
"sk";"C:\apps\PortableApps\BleachBitPortable\App\BleachBit\share\locale\sk";"68"
"sl";"C:\apps\PortableApps\BleachBitPortable\App\BleachBit\share\locale\sl";"68"
"sq";"C:\apps\PortableApps\BleachBitPortable\App\BleachBit\share\locale\sq";"68"
"sr";"C:\apps\PortableApps\BleachBitPortable\App\BleachBit\share\locale\sr";"68"
"sv";"C:\apps\PortableApps\BleachBitPortable\App\BleachBit\share\locale\sv";"68"
"ta";"C:\apps\PortableApps\BleachBitPortable\App\BleachBit\share\locale\ta";"68"
"te";"C:\apps\PortableApps\BleachBitPortable\App\BleachBit\share\locale\te";"68"
"th";"C:\apps\PortableApps\BleachBitPortable\App\BleachBit\share\locale\th";"68"
"tr";"C:\apps\PortableApps\BleachBitPortable\App\BleachBit\share\locale\tr";"68"
"ug";"C:\apps\PortableApps\BleachBitPortable\App\BleachBit\share\locale\ug";"68"
"uk";"C:\apps\PortableApps\BleachBitPortable\App\BleachBit\share\locale\uk";"68"
"uz";"C:\apps\PortableApps\BleachBitPortable\App\BleachBit\share\locale\uz";"68"
"vi";"C:\apps\PortableApps\BleachBitPortable\App\BleachBit\share\locale\vi";"68"
"yi";"C:\apps\PortableApps\BleachBitPortable\App\BleachBit\share\locale\yi";"68"
"zh_CN";"C:\apps\PortableApps\BleachBitPortable\App\BleachBit\share\locale\zh_CN";"71"
"zh_TW";"C:\apps\PortableApps\BleachBitPortable\App\BleachBit\share\locale\zh_TW";"71"
"LC_MESSAGES";"C:\apps\PortableApps\BleachBitPortable\App\BleachBit\share\locale\af\LC_MESSAGES";"80"
"LC_MESSAGES";"C:\apps\PortableApps\BleachBitPortable\App\BleachBit\share\locale\ar\LC_MESSAGES";"80"
"LC_MESSAGES";"C:\apps\PortableApps\BleachBitPortable\App\BleachBit\share\locale\ast\LC_MESSAGES";"81"
"LC_MESSAGES";"C:\apps\PortableApps\BleachBitPortable\App\BleachBit\share\locale\be\LC_MESSAGES";"80"
"LC_MESSAGES";"C:\apps\PortableApps\BleachBitPortable\App\BleachBit\share\locale\bg\LC_MESSAGES";"80"
"LC_MESSAGES";"C:\apps\PortableApps\BleachBitPortable\App\BleachBit\share\locale\bn\LC_MESSAGES";"80"
"LC_MESSAGES";"C:\apps\PortableApps\BleachBitPortable\App\BleachBit\share\locale\bs\LC_MESSAGES";"80"
"LC_MESSAGES";"C:\apps\PortableApps\BleachBitPortable\App\BleachBit\share\locale\ca\LC_MESSAGES";"80"
"LC_MESSAGES";"C:\apps\PortableApps\BleachBitPortable\App\BleachBit\share\locale\cs\LC_MESSAGES";"80"
"LC_MESSAGES";"C:\apps\PortableApps\BleachBitPortable\App\BleachBit\share\locale\da\LC_MESSAGES";"80"
"LC_MESSAGES";"C:\apps\PortableApps\BleachBitPortable\App\BleachBit\share\locale\de\LC_MESSAGES";"80"
"LC_MESSAGES";"C:\apps\PortableApps\BleachBitPortable\App\BleachBit\share\locale\el\LC_MESSAGES";"80"
"LC_MESSAGES";"C:\apps\PortableApps\BleachBitPortable\App\BleachBit\share\locale\en_AU\LC_MESSAGES";"83"
"LC_MESSAGES";"C:\apps\PortableApps\BleachBitPortable\App\BleachBit\share\locale\en_CA\LC_MESSAGES";"83"
"LC_MESSAGES";"C:\apps\PortableApps\BleachBitPortable\App\BleachBit\share\locale\en_GB\LC_MESSAGES";"83"
"LC_MESSAGES";"C:\apps\PortableApps\BleachBitPortable\App\BleachBit\share\locale\eo\LC_MESSAGES";"80"
"LC_MESSAGES";"C:\apps\PortableApps\BleachBitPortable\App\BleachBit\share\locale\es\LC_MESSAGES";"80"
"LC_MESSAGES";"C:\apps\PortableApps\BleachBitPortable\App\BleachBit\share\locale\et\LC_MESSAGES";"80"
"LC_MESSAGES";"C:\apps\PortableApps\BleachBitPortable\App\BleachBit\share\locale\eu\LC_MESSAGES";"80"
"LC_MESSAGES";"C:\apps\PortableApps\BleachBitPortable\App\BleachBit\share\locale\fa\LC_MESSAGES";"80"
"LC_MESSAGES";"C:\apps\PortableApps\BleachBitPortable\App\BleachBit\share\locale\fi\LC_MESSAGES";"80"
"LC_MESSAGES";"C:\apps\PortableApps\BleachBitPortable\App\BleachBit\share\locale\fr\LC_MESSAGES";"80"
"LC_MESSAGES";"C:\apps\PortableApps\BleachBitPortable\App\BleachBit\share\locale\gl\LC_MESSAGES";"80"
"LC_MESSAGES";"C:\apps\PortableApps\BleachBitPortable\App\BleachBit\share\locale\he\LC_MESSAGES";"80"
"LC_MESSAGES";"C:\apps\PortableApps\BleachBitPortable\App\BleachBit\share\locale\hi\LC_MESSAGES";"80"
"LC_MESSAGES";"C:\apps\PortableApps\BleachBitPortable\App\BleachBit\share\locale\hr\LC_MESSAGES";"80"
"LC_MESSAGES";"C:\apps\PortableApps\BleachBitPortable\App\BleachBit\share\locale\hu\LC_MESSAGES";"80"
"LC_MESSAGES";"C:\apps\PortableApps\BleachBitPortable\App\BleachBit\share\locale\ia\LC_MESSAGES";"80"
"LC_MESSAGES";"C:\apps\PortableApps\BleachBitPortable\App\BleachBit\share\locale\id\LC_MESSAGES";"80"
"LC_MESSAGES";"C:\apps\PortableApps\BleachBitPortable\App\BleachBit\share\locale\it\LC_MESSAGES";"80"
"LC_MESSAGES";"C:\apps\PortableApps\BleachBitPortable\App\BleachBit\share\locale\ja\LC_MESSAGES";"80"
"LC_MESSAGES";"C:\apps\PortableApps\BleachBitPortable\App\BleachBit\share\locale\ko\LC_MESSAGES";"80"
"LC_MESSAGES";"C:\apps\PortableApps\BleachBitPortable\App\BleachBit\share\locale\ku\LC_MESSAGES";"80"
"LC_MESSAGES";"C:\apps\PortableApps\BleachBitPortable\App\BleachBit\share\locale\ky\LC_MESSAGES";"80"
"LC_MESSAGES";"C:\apps\PortableApps\BleachBitPortable\App\BleachBit\share\locale\lt\LC_MESSAGES";"80"
"LC_MESSAGES";"C:\apps\PortableApps\BleachBitPortable\App\BleachBit\share\locale\lv\LC_MESSAGES";"80"
"LC_MESSAGES";"C:\apps\PortableApps\BleachBitPortable\App\BleachBit\share\locale\ms\LC_MESSAGES";"80"
"LC_MESSAGES";"C:\apps\PortableApps\BleachBitPortable\App\BleachBit\share\locale\my\LC_MESSAGES";"80"
"LC_MESSAGES";"C:\apps\PortableApps\BleachBitPortable\App\BleachBit\share\locale\nb\LC_MESSAGES";"80"
"LC_MESSAGES";"C:\apps\PortableApps\BleachBitPortable\App\BleachBit\share\locale\nds\LC_MESSAGES";"81"
"LC_MESSAGES";"C:\apps\PortableApps\BleachBitPortable\App\BleachBit\share\locale\nl\LC_MESSAGES";"80"
"LC_MESSAGES";"C:\apps\PortableApps\BleachBitPortable\App\BleachBit\share\locale\nn\LC_MESSAGES";"80"
"LC_MESSAGES";"C:\apps\PortableApps\BleachBitPortable\App\BleachBit\share\locale\pl\LC_MESSAGES";"80"
"LC_MESSAGES";"C:\apps\PortableApps\BleachBitPortable\App\BleachBit\share\locale\pt\LC_MESSAGES";"80"
"LC_MESSAGES";"C:\apps\PortableApps\BleachBitPortable\App\BleachBit\share\locale\pt_BR\LC_MESSAGES";"83"
"LC_MESSAGES";"C:\apps\PortableApps\BleachBitPortable\App\BleachBit\share\locale\ro\LC_MESSAGES";"80"
"LC_MESSAGES";"C:\apps\PortableApps\BleachBitPortable\App\BleachBit\share\locale\ru\LC_MESSAGES";"80"
"LC_MESSAGES";"C:\apps\PortableApps\BleachBitPortable\App\BleachBit\share\locale\se\LC_MESSAGES";"80"
"LC_MESSAGES";"C:\apps\PortableApps\BleachBitPortable\App\BleachBit\share\locale\sk\LC_MESSAGES";"80"
"LC_MESSAGES";"C:\apps\PortableApps\BleachBitPortable\App\BleachBit\share\locale\sl\LC_MESSAGES";"80"
"LC_MESSAGES";"C:\apps\PortableApps\BleachBitPortable\App\BleachBit\share\locale\sq\LC_MESSAGES";"80"
"LC_MESSAGES";"C:\apps\PortableApps\BleachBitPortable\App\BleachBit\share\locale\sr\LC_MESSAGES";"80"
"LC_MESSAGES";"C:\apps\PortableApps\BleachBitPortable\App\BleachBit\share\locale\sv\LC_MESSAGES";"80"
"LC_MESSAGES";"C:\apps\PortableApps\BleachBitPortable\App\BleachBit\share\locale\ta\LC_MESSAGES";"80"
"LC_MESSAGES";"C:\apps\PortableApps\BleachBitPortable\App\BleachBit\share\locale\te\LC_MESSAGES";"80"
"LC_MESSAGES";"C:\apps\PortableApps\BleachBitPortable\App\BleachBit\share\locale\th\LC_MESSAGES";"80"
"LC_MESSAGES";"C:\apps\PortableApps\BleachBitPortable\App\BleachBit\share\locale\tr\LC_MESSAGES";"80"
"LC_MESSAGES";"C:\apps\PortableApps\BleachBitPortable\App\BleachBit\share\locale\ug\LC_MESSAGES";"80"
"LC_MESSAGES";"C:\apps\PortableApps\BleachBitPortable\App\BleachBit\share\locale\uk\LC_MESSAGES";"80"
"LC_MESSAGES";"C:\apps\PortableApps\BleachBitPortable\App\BleachBit\share\locale\uz\LC_MESSAGES";"80"
"LC_MESSAGES";"C:\apps\PortableApps\BleachBitPortable\App\BleachBit\share\locale\vi\LC_MESSAGES";"80"
"LC_MESSAGES";"C:\apps\PortableApps\BleachBitPortable\App\BleachBit\share\locale\yi\LC_MESSAGES";"80"
"LC_MESSAGES";"C:\apps\PortableApps\BleachBitPortable\App\BleachBit\share\locale\zh_CN\LC_MESSAGES";"83"
"LC_MESSAGES";"C:\apps\PortableApps\BleachBitPortable\App\BleachBit\share\locale\zh_TW\LC_MESSAGES";"83"
"windows10";"C:\apps\PortableApps\BleachBitPortable\App\BleachBit\themes\windows10";"69"
"apps";"C:\apps\PortableApps\BleachBitPortable\App\BleachBit\themes\windows10\apps";"74"
"assets";"C:\apps\PortableApps\BleachBitPortable\App\BleachBit\themes\windows10\assets";"76"
"buttons";"C:\apps\PortableApps\BleachBitPortable\App\BleachBit\themes\windows10\buttons";"77"
"panel";"C:\apps\PortableApps\BleachBitPortable\App\BleachBit\themes\windows10\panel";"75"
"scrollbars";"C:\apps\PortableApps\BleachBitPortable\App\BleachBit\themes\windows10\scrollbars";"80"
"cleaners";"C:\apps\PortableApps\BleachBitPortable\Data\cleaners";"52"
"settings";"C:\apps\PortableApps\BleachBitPortable\Data\settings";"52"
"Help";"C:\apps\PortableApps\BleachBitPortable\Other\Help";"49"
"Source";"C:\apps\PortableApps\BleachBitPortable\Other\Source";"51"
"Images";"C:\apps\PortableApps\BleachBitPortable\Other\Help\Images";"56"
"Ghostscript";"C:\apps\PortableApps\CommonFiles\Ghostscript";"44"
"App";"C:\apps\PortableApps\CommonFiles\Ghostscript\App";"48"
"bin";"C:\apps\PortableApps\CommonFiles\Ghostscript\bin";"48"
"doc";"C:\apps\PortableApps\CommonFiles\Ghostscript\doc";"48"
"examples";"C:\apps\PortableApps\CommonFiles\Ghostscript\examples";"53"
"iccprofiles";"C:\apps\PortableApps\CommonFiles\Ghostscript\iccprofiles";"56"
"lib";"C:\apps\PortableApps\CommonFiles\Ghostscript\lib";"48"
"Other";"C:\apps\PortableApps\CommonFiles\Ghostscript\Other";"50"
"Resource";"C:\apps\PortableApps\CommonFiles\Ghostscript\Resource";"53"
"AppInfo";"C:\apps\PortableApps\CommonFiles\Ghostscript\App\AppInfo";"56"
"images";"C:\apps\PortableApps\CommonFiles\Ghostscript\doc\images";"55"
"pclxps";"C:\apps\PortableApps\CommonFiles\Ghostscript\doc\pclxps";"55"
"cjk";"C:\apps\PortableApps\CommonFiles\Ghostscript\examples\cjk";"57"
"Source";"C:\apps\PortableApps\CommonFiles\Ghostscript\Other\Source";"57"
"CIDFont";"C:\apps\PortableApps\CommonFiles\Ghostscript\Resource\CIDFont";"61"
"CIDFSubst";"C:\apps\PortableApps\CommonFiles\Ghostscript\Resource\CIDFSubst";"63"
"CMap";"C:\apps\PortableApps\CommonFiles\Ghostscript\Resource\CMap";"58"
"ColorSpace";"C:\apps\PortableApps\CommonFiles\Ghostscript\Resource\ColorSpace";"64"
"Decoding";"C:\apps\PortableApps\CommonFiles\Ghostscript\Resource\Decoding";"62"
"Encoding";"C:\apps\PortableApps\CommonFiles\Ghostscript\Resource\Encoding";"62"
"Font";"C:\apps\PortableApps\CommonFiles\Ghostscript\Resource\Font";"58"
"IdiomSet";"C:\apps\PortableApps\CommonFiles\Ghostscript\Resource\IdiomSet";"62"
"Init";"C:\apps\PortableApps\CommonFiles\Ghostscript\Resource\Init";"58"
"SubstCID";"C:\apps\PortableApps\CommonFiles\Ghostscript\Resource\SubstCID";"62"
"App";"C:\apps\PortableApps\CrystalDiskInfoPortable\App";"48"
"Data";"C:\apps\PortableApps\CrystalDiskInfoPortable\Data";"49"
"Other";"C:\apps\PortableApps\CrystalDiskInfoPortable\Other";"50"
"AppInfo";"C:\apps\PortableApps\CrystalDiskInfoPortable\App\AppInfo";"56"
"CrystalDiskInfo";"C:\apps\PortableApps\CrystalDiskInfoPortable\App\CrystalDiskInfo";"64"
"DefaultData";"C:\apps\PortableApps\CrystalDiskInfoPortable\App\DefaultData";"60"
"Launcher";"C:\apps\PortableApps\CrystalDiskInfoPortable\App\AppInfo\Launcher";"65"
"CdiResource";"C:\apps\PortableApps\CrystalDiskInfoPortable\App\CrystalDiskInfo\CdiResource";"76"
"License";"C:\apps\PortableApps\CrystalDiskInfoPortable\App\CrystalDiskInfo\License";"72"
"dialog";"C:\apps\PortableApps\CrystalDiskInfoPortable\App\CrystalDiskInfo\CdiResource\dialog";"83"
"gadget";"C:\apps\PortableApps\CrystalDiskInfoPortable\App\CrystalDiskInfo\CdiResource\gadget";"83"
"language";"C:\apps\PortableApps\CrystalDiskInfoPortable\App\CrystalDiskInfo\CdiResource\language";"85"
"opus";"C:\apps\PortableApps\CrystalDiskInfoPortable\App\CrystalDiskInfo\CdiResource\opus";"81"
"themes";"C:\apps\PortableApps\CrystalDiskInfoPortable\App\CrystalDiskInfo\CdiResource\themes";"83"
"flot";"C:\apps\PortableApps\CrystalDiskInfoPortable\App\CrystalDiskInfo\CdiResource\dialog\flot";"88"
"image";"C:\apps\PortableApps\CrystalDiskInfoPortable\App\CrystalDiskInfo\CdiResource\dialog\image";"89"
"Dark";"C:\apps\PortableApps\CrystalDiskInfoPortable\App\CrystalDiskInfo\CdiResource\themes\Dark";"88"
"default";"C:\apps\PortableApps\CrystalDiskInfoPortable\App\CrystalDiskInfo\CdiResource\themes\default";"91"
"FlatSquare";"C:\apps\PortableApps\CrystalDiskInfoPortable\App\CrystalDiskInfo\CdiResource\themes\FlatSquare";"94"
"Simplicity";"C:\apps\PortableApps\CrystalDiskInfoPortable\App\CrystalDiskInfo\CdiResource\themes\Simplicity";"94"
"Smart";"C:\apps\PortableApps\CrystalDiskInfoPortable\App\DefaultData\Smart";"66"
"settings";"C:\apps\PortableApps\CrystalDiskInfoPortable\Data\settings";"58"
"Smart";"C:\apps\PortableApps\CrystalDiskInfoPortable\Data\Smart";"55"
"Temp";"C:\apps\PortableApps\CrystalDiskInfoPortable\Data\Temp";"54"
"SAMSUNG HD103SJS2AEJ1BZ303486";"C:\apps\PortableApps\CrystalDiskInfoPortable\Data\Smart\SAMSUNG HD103SJS2AEJ1BZ303486";"85"
"Samsung SSD 840 EVO 120GBS1D5NEAD893091B";"C:\apps\PortableApps\CrystalDiskInfoPortable\Data\Smart\Samsung SSD 840 EVO 120GBS1D5NEAD893091B";"96"
"Samsung SSD 840 EVO 500GBS1DHNSAF615623M";"C:\apps\PortableApps\CrystalDiskInfoPortable\Data\Smart\Samsung SSD 840 EVO 500GBS1DHNSAF615623M";"96"
"Samsung SSD 860 EVO 1TBS3Z9NB0K817576A";"C:\apps\PortableApps\CrystalDiskInfoPortable\Data\Smart\Samsung SSD 860 EVO 1TBS3Z9NB0K817576A";"94"
"Help";"C:\apps\PortableApps\CrystalDiskInfoPortable\Other\Help";"55"
"Source";"C:\apps\PortableApps\CrystalDiskInfoPortable\Other\Source";"57"
"images";"C:\apps\PortableApps\CrystalDiskInfoPortable\Other\Help\images";"62"
"App";"C:\apps\PortableApps\CrystalDiskMarkPortable\App";"48"
"Data";"C:\apps\PortableApps\CrystalDiskMarkPortable\Data";"49"
"Other";"C:\apps\PortableApps\CrystalDiskMarkPortable\Other";"50"
"AppInfo";"C:\apps\PortableApps\CrystalDiskMarkPortable\App\AppInfo";"56"
"CrystalDiskMark";"C:\apps\PortableApps\CrystalDiskMarkPortable\App\CrystalDiskMark";"64"
"Launcher";"C:\apps\PortableApps\CrystalDiskMarkPortable\App\AppInfo\Launcher";"65"
"CdmResource";"C:\apps\PortableApps\CrystalDiskMarkPortable\App\CrystalDiskMark\CdmResource";"76"
"License";"C:\apps\PortableApps\CrystalDiskMarkPortable\App\CrystalDiskMark\License";"72"
"DiskSpd";"C:\apps\PortableApps\CrystalDiskMarkPortable\App\CrystalDiskMark\CdmResource\DiskSpd";"84"
"Language";"C:\apps\PortableApps\CrystalDiskMarkPortable\App\CrystalDiskMark\CdmResource\Language";"85"
"Themes";"C:\apps\PortableApps\CrystalDiskMarkPortable\App\CrystalDiskMark\CdmResource\Themes";"83"
"Dark";"C:\apps\PortableApps\CrystalDiskMarkPortable\App\CrystalDiskMark\CdmResource\Themes\Dark";"88"
"DarkRed";"C:\apps\PortableApps\CrystalDiskMarkPortable\App\CrystalDiskMark\CdmResource\Themes\DarkRed";"91"
"Default";"C:\apps\PortableApps\CrystalDiskMarkPortable\App\CrystalDiskMark\CdmResource\Themes\Default";"91"
"Digital8";"C:\apps\PortableApps\CrystalDiskMarkPortable\App\CrystalDiskMark\CdmResource\Themes\Digital8";"92"
"Flower";"C:\apps\PortableApps\CrystalDiskMarkPortable\App\CrystalDiskMark\CdmResource\Themes\Flower";"90"
"Green";"C:\apps\PortableApps\CrystalDiskMarkPortable\App\CrystalDiskMark\CdmResource\Themes\Green";"89"
"settings";"C:\apps\PortableApps\CrystalDiskMarkPortable\Data\settings";"58"
"Help";"C:\apps\PortableApps\CrystalDiskMarkPortable\Other\Help";"55"
"Source";"C:\apps\PortableApps\CrystalDiskMarkPortable\Other\Source";"57"
"images";"C:\apps\PortableApps\CrystalDiskMarkPortable\Other\Help\images";"62"
"dictionaries";"C:\apps\PortableApps\cutemarked\dictionaries";"44"
"iconengines";"C:\apps\PortableApps\cutemarked\iconengines";"43"
"imageformats";"C:\apps\PortableApps\cutemarked\imageformats";"44"
"platforms";"C:\apps\PortableApps\cutemarked\platforms";"41"
"printsupport";"C:\apps\PortableApps\cutemarked\printsupport";"44"
"translations";"C:\apps\PortableApps\cutemarked\translations";"44"
"$PLUGINSDIR";"C:\apps\PortableApps\fastimageresizer\$PLUGINSDIR";"49"
"App";"C:\apps\PortableApps\HijackThisPortable\App";"43"
"Data";"C:\apps\PortableApps\HijackThisPortable\Data";"44"
"Other";"C:\apps\PortableApps\HijackThisPortable\Other";"45"
"AppInfo";"C:\apps\PortableApps\HijackThisPortable\App\AppInfo";"51"
"HijackThis";"C:\apps\PortableApps\HijackThisPortable\App\HijackThis";"54"
"Launcher";"C:\apps\PortableApps\HijackThisPortable\App\AppInfo\Launcher";"60"
"Help";"C:\apps\PortableApps\HijackThisPortable\Other\Help";"50"
"Source";"C:\apps\PortableApps\HijackThisPortable\Other\Source";"52"
"Images";"C:\apps\PortableApps\HijackThisPortable\Other\Help\Images";"57"
"App";"C:\apps\PortableApps\HWiNFOPortable\App";"39"
"Data";"C:\apps\PortableApps\HWiNFOPortable\Data";"40"
"Other";"C:\apps\PortableApps\HWiNFOPortable\Other";"41"
"AppInfo";"C:\apps\PortableApps\HWiNFOPortable\App\AppInfo";"47"
"DefaultData";"C:\apps\PortableApps\HWiNFOPortable\App\DefaultData";"51"
"HWiNFO";"C:\apps\PortableApps\HWiNFOPortable\App\HWiNFO";"46"
"Launcher";"C:\apps\PortableApps\HWiNFOPortable\App\AppInfo\Launcher";"56"
"settings";"C:\apps\PortableApps\HWiNFOPortable\Data\settings";"49"
"Help";"C:\apps\PortableApps\HWiNFOPortable\Other\Help";"46"
"Source";"C:\apps\PortableApps\HWiNFOPortable\Other\Source";"48"
"Images";"C:\apps\PortableApps\HWiNFOPortable\Other\Help\Images";"53"
"App";"C:\apps\PortableApps\IrfanViewPortable\App";"42"
"Data";"C:\apps\PortableApps\IrfanViewPortable\Data";"43"
"Other";"C:\apps\PortableApps\IrfanViewPortable\Other";"44"
"AppInfo";"C:\apps\PortableApps\IrfanViewPortable\App\AppInfo";"50"
"DefaultData";"C:\apps\PortableApps\IrfanViewPortable\App\DefaultData";"54"
"IrfanView";"C:\apps\PortableApps\IrfanViewPortable\App\IrfanView";"52"
"Launcher";"C:\apps\PortableApps\IrfanViewPortable\App\AppInfo\Launcher";"59"
"IrfanView";"C:\apps\PortableApps\IrfanViewPortable\App\DefaultData\IrfanView";"64"
"Html";"C:\apps\PortableApps\IrfanViewPortable\App\IrfanView\Html";"57"
"Languages";"C:\apps\PortableApps\IrfanViewPortable\App\IrfanView\Languages";"62"
"Plugins";"C:\apps\PortableApps\IrfanViewPortable\App\IrfanView\Plugins";"60"
"Toolbars";"C:\apps\PortableApps\IrfanViewPortable\App\IrfanView\Toolbars";"61"
"Adobe 8BF";"C:\apps\PortableApps\IrfanViewPortable\App\IrfanView\Plugins\Adobe 8BF";"70"
"Crw";"C:\apps\PortableApps\IrfanViewPortable\App\IrfanView\Plugins\Crw";"64"
"Ecw";"C:\apps\PortableApps\IrfanViewPortable\App\IrfanView\Plugins\Ecw";"64"
"Filter Factory 8BF";"C:\apps\PortableApps\IrfanViewPortable\App\IrfanView\Plugins\Filter Factory 8BF";"79"
"Fmod";"C:\apps\PortableApps\IrfanViewPortable\App\IrfanView\Plugins\Fmod";"65"
"MrSID";"C:\apps\PortableApps\IrfanViewPortable\App\IrfanView\Plugins\MrSID";"66"
"Plugins32";"C:\apps\PortableApps\IrfanViewPortable\App\IrfanView\Plugins\Plugins32";"70"
"Adobe 8BF";"C:\apps\PortableApps\IrfanViewPortable\App\IrfanView\Plugins\Plugins32\Adobe 8BF";"80"
"Ecw";"C:\apps\PortableApps\IrfanViewPortable\App\IrfanView\Plugins\Plugins32\Ecw";"74"
"Filter Factory 8BF";"C:\apps\PortableApps\IrfanViewPortable\App\IrfanView\Plugins\Plugins32\Filter Factory 8BF";"89"
"Fmod";"C:\apps\PortableApps\IrfanViewPortable\App\IrfanView\Plugins\Plugins32\Fmod";"75"
"IrfanView";"C:\apps\PortableApps\IrfanViewPortable\Data\IrfanView";"53"
"PortableApps.comInstaller";"C:\apps\PortableApps\IrfanViewPortable\Data\PortableApps.comInstaller";"69"
"settings";"C:\apps\PortableApps\IrfanViewPortable\Data\settings";"52"
"Help";"C:\apps\PortableApps\IrfanViewPortable\Other\Help";"49"
"Source";"C:\apps\PortableApps\IrfanViewPortable\Other\Source";"51"
"Images";"C:\apps\PortableApps\IrfanViewPortable\Other\Help\Images";"56"
"App";"C:\apps\PortableApps\IronPortable\App";"37"
"Data";"C:\apps\PortableApps\IronPortable\Data";"38"
"Other";"C:\apps\PortableApps\IronPortable\Other";"39"
"AppInfo";"C:\apps\PortableApps\IronPortable\App\AppInfo";"45"
"DefaultData";"C:\apps\PortableApps\IronPortable\App\DefaultData";"49"
"Iron";"C:\apps\PortableApps\IronPortable\App\Iron";"42"
"Launcher";"C:\apps\PortableApps\IronPortable\App\AppInfo\Launcher";"54"
"ChromePasswords";"C:\apps\PortableApps\IronPortable\App\AppInfo\Launcher\ChromePasswords";"70"
"Languages";"C:\apps\PortableApps\IronPortable\App\AppInfo\Launcher\Languages";"64"
"PluginsA";"C:\apps\PortableApps\IronPortable\App\AppInfo\Launcher\PluginsA";"63"
"PluginsW";"C:\apps\PortableApps\IronPortable\App\AppInfo\Launcher\PluginsW";"63"
"ChromePasswords";"C:\apps\PortableApps\IronPortable\App\AppInfo\Launcher\ChromePasswords\ChromePasswords";"86"
"Release";"C:\apps\PortableApps\IronPortable\App\AppInfo\Launcher\ChromePasswords\Release";"78"
"Dictionaries";"C:\apps\PortableApps\IronPortable\App\DefaultData\Dictionaries";"62"
"extensions";"C:\apps\PortableApps\IronPortable\App\DefaultData\extensions";"60"
"IronPortableData";"C:\apps\PortableApps\IronPortable\App\DefaultData\IronPortableData";"66"
"Plugins";"C:\apps\PortableApps\IronPortable\App\DefaultData\Plugins";"57"
"Default";"C:\apps\PortableApps\IronPortable\App\DefaultData\IronPortableData\Default";"74"
"locales";"C:\apps\PortableApps\IronPortable\App\Iron\locales";"50"
"resources";"C:\apps\PortableApps\IronPortable\App\Iron\resources";"52"
"swiftshader";"C:\apps\PortableApps\IronPortable\App\Iron\swiftshader";"54"
"inspector";"C:\apps\PortableApps\IronPortable\App\Iron\resources\inspector";"62"
"inspector_overlay";"C:\apps\PortableApps\IronPortable\App\Iron\resources\inspector_overlay";"70"
"accessibility";"C:\apps\PortableApps\IronPortable\App\Iron\resources\inspector\accessibility";"76"
"accessibility_test_runner";"C:\apps\PortableApps\IronPortable\App\Iron\resources\inspector\accessibility_test_runner";"88"
"animation";"C:\apps\PortableApps\IronPortable\App\Iron\resources\inspector\animation";"72"
"application_test_runner";"C:\apps\PortableApps\IronPortable\App\Iron\resources\inspector\application_test_runner";"86"
"axe_core_test_runner";"C:\apps\PortableApps\IronPortable\App\Iron\resources\inspector\axe_core_test_runner";"83"
"bindings";"C:\apps\PortableApps\IronPortable\App\Iron\resources\inspector\bindings";"71"
"bindings_test_runner";"C:\apps\PortableApps\IronPortable\App\Iron\resources\inspector\bindings_test_runner";"83"
"browser_debugger";"C:\apps\PortableApps\IronPortable\App\Iron\resources\inspector\browser_debugger";"79"
"browser_sdk";"C:\apps\PortableApps\IronPortable\App\Iron\resources\inspector\browser_sdk";"74"
"changes";"C:\apps\PortableApps\IronPortable\App\Iron\resources\inspector\changes";"70"
"cm";"C:\apps\PortableApps\IronPortable\App\Iron\resources\inspector\cm";"65"
"cm_headless";"C:\apps\PortableApps\IronPortable\App\Iron\resources\inspector\cm_headless";"74"
"cm_modes";"C:\apps\PortableApps\IronPortable\App\Iron\resources\inspector\cm_modes";"71"
"color_picker";"C:\apps\PortableApps\IronPortable\App\Iron\resources\inspector\color_picker";"75"
"common";"C:\apps\PortableApps\IronPortable\App\Iron\resources\inspector\common";"69"
"components";"C:\apps\PortableApps\IronPortable\App\Iron\resources\inspector\components";"73"
"console";"C:\apps\PortableApps\IronPortable\App\Iron\resources\inspector\console";"70"
"console_counters";"C:\apps\PortableApps\IronPortable\App\Iron\resources\inspector\console_counters";"79"
"console_test_runner";"C:\apps\PortableApps\IronPortable\App\Iron\resources\inspector\console_test_runner";"82"
"cookie_table";"C:\apps\PortableApps\IronPortable\App\Iron\resources\inspector\cookie_table";"75"
"coverage";"C:\apps\PortableApps\IronPortable\App\Iron\resources\inspector\coverage";"71"
"coverage_test_runner";"C:\apps\PortableApps\IronPortable\App\Iron\resources\inspector\coverage_test_runner";"83"
"cpu_profiler_test_runner";"C:\apps\PortableApps\IronPortable\App\Iron\resources\inspector\cpu_profiler_test_runner";"87"
"css_overview";"C:\apps\PortableApps\IronPortable\App\Iron\resources\inspector\css_overview";"75"
"dagre_layout";"C:\apps\PortableApps\IronPortable\App\Iron\resources\inspector\dagre_layout";"75"
"data_grid";"C:\apps\PortableApps\IronPortable\App\Iron\resources\inspector\data_grid";"72"
"data_grid_test_runner";"C:\apps\PortableApps\IronPortable\App\Iron\resources\inspector\data_grid_test_runner";"84"
"devices";"C:\apps\PortableApps\IronPortable\App\Iron\resources\inspector\devices";"70"
"device_mode_test_runner";"C:\apps\PortableApps\IronPortable\App\Iron\resources\inspector\device_mode_test_runner";"86"
"diff";"C:\apps\PortableApps\IronPortable\App\Iron\resources\inspector\diff";"67"
"dom_extension";"C:\apps\PortableApps\IronPortable\App\Iron\resources\inspector\dom_extension";"76"
"elements";"C:\apps\PortableApps\IronPortable\App\Iron\resources\inspector\elements";"71"
"elements_test_runner";"C:\apps\PortableApps\IronPortable\App\Iron\resources\inspector\elements_test_runner";"83"
"emulated_devices";"C:\apps\PortableApps\IronPortable\App\Iron\resources\inspector\emulated_devices";"79"
"emulation";"C:\apps\PortableApps\IronPortable\App\Iron\resources\inspector\emulation";"72"
"event_listeners";"C:\apps\PortableApps\IronPortable\App\Iron\resources\inspector\event_listeners";"78"
"extensions";"C:\apps\PortableApps\IronPortable\App\Iron\resources\inspector\extensions";"73"
"extensions_test_runner";"C:\apps\PortableApps\IronPortable\App\Iron\resources\inspector\extensions_test_runner";"85"
"formatter";"C:\apps\PortableApps\IronPortable\App\Iron\resources\inspector\formatter";"72"
"formatter_worker";"C:\apps\PortableApps\IronPortable\App\Iron\resources\inspector\formatter_worker";"79"
"har_importer";"C:\apps\PortableApps\IronPortable\App\Iron\resources\inspector\har_importer";"75"
"heap_profiler_test_runner";"C:\apps\PortableApps\IronPortable\App\Iron\resources\inspector\heap_profiler_test_runner";"88"
"heap_snapshot_model";"C:\apps\PortableApps\IronPortable\App\Iron\resources\inspector\heap_snapshot_model";"82"
"heap_snapshot_worker";"C:\apps\PortableApps\IronPortable\App\Iron\resources\inspector\heap_snapshot_worker";"83"
"help";"C:\apps\PortableApps\IronPortable\App\Iron\resources\inspector\help";"67"
"host";"C:\apps\PortableApps\IronPortable\App\Iron\resources\inspector\host";"67"
"Images";"C:\apps\PortableApps\IronPortable\App\Iron\resources\inspector\Images";"69"
"inline_editor";"C:\apps\PortableApps\IronPortable\App\Iron\resources\inspector\inline_editor";"76"
"input";"C:\apps\PortableApps\IronPortable\App\Iron\resources\inspector\input";"68"
"inspector_main";"C:\apps\PortableApps\IronPortable\App\Iron\resources\inspector\inspector_main";"77"
"issues";"C:\apps\PortableApps\IronPortable\App\Iron\resources\inspector\issues";"69"
"javascript_metadata";"C:\apps\PortableApps\IronPortable\App\Iron\resources\inspector\javascript_metadata";"82"
"js_main";"C:\apps\PortableApps\IronPortable\App\Iron\resources\inspector\js_main";"70"
"js_profiler";"C:\apps\PortableApps\IronPortable\App\Iron\resources\inspector\js_profiler";"74"
"layers";"C:\apps\PortableApps\IronPortable\App\Iron\resources\inspector\layers";"69"
"layers_test_runner";"C:\apps\PortableApps\IronPortable\App\Iron\resources\inspector\layers_test_runner";"81"
"layer_viewer";"C:\apps\PortableApps\IronPortable\App\Iron\resources\inspector\layer_viewer";"75"
"lighthouse";"C:\apps\PortableApps\IronPortable\App\Iron\resources\inspector\lighthouse";"73"
"lighthouse_test_runner";"C:\apps\PortableApps\IronPortable\App\Iron\resources\inspector\lighthouse_test_runner";"85"
"lighthouse_worker";"C:\apps\PortableApps\IronPortable\App\Iron\resources\inspector\lighthouse_worker";"80"
"main";"C:\apps\PortableApps\IronPortable\App\Iron\resources\inspector\main";"67"
"media";"C:\apps\PortableApps\IronPortable\App\Iron\resources\inspector\media";"68"
"mobile_throttling";"C:\apps\PortableApps\IronPortable\App\Iron\resources\inspector\mobile_throttling";"80"
"network";"C:\apps\PortableApps\IronPortable\App\Iron\resources\inspector\network";"70"
"network_test_runner";"C:\apps\PortableApps\IronPortable\App\Iron\resources\inspector\network_test_runner";"82"
"node_debugger";"C:\apps\PortableApps\IronPortable\App\Iron\resources\inspector\node_debugger";"76"
"node_main";"C:\apps\PortableApps\IronPortable\App\Iron\resources\inspector\node_main";"72"
"object_ui";"C:\apps\PortableApps\IronPortable\App\Iron\resources\inspector\object_ui";"72"
"performance_monitor";"C:\apps\PortableApps\IronPortable\App\Iron\resources\inspector\performance_monitor";"82"
"performance_test_runner";"C:\apps\PortableApps\IronPortable\App\Iron\resources\inspector\performance_test_runner";"86"
"perf_ui";"C:\apps\PortableApps\IronPortable\App\Iron\resources\inspector\perf_ui";"70"
"persistence";"C:\apps\PortableApps\IronPortable\App\Iron\resources\inspector\persistence";"74"
"platform";"C:\apps\PortableApps\IronPortable\App\Iron\resources\inspector\platform";"71"
"profiler";"C:\apps\PortableApps\IronPortable\App\Iron\resources\inspector\profiler";"71"
"protocol_client";"C:\apps\PortableApps\IronPortable\App\Iron\resources\inspector\protocol_client";"78"
"protocol_monitor";"C:\apps\PortableApps\IronPortable\App\Iron\resources\inspector\protocol_monitor";"79"
"quick_open";"C:\apps\PortableApps\IronPortable\App\Iron\resources\inspector\quick_open";"73"
"resources";"C:\apps\PortableApps\IronPortable\App\Iron\resources\inspector\resources";"72"
"root";"C:\apps\PortableApps\IronPortable\App\Iron\resources\inspector\root";"67"
"screencast";"C:\apps\PortableApps\IronPortable\App\Iron\resources\inspector\screencast";"73"
"sdk";"C:\apps\PortableApps\IronPortable\App\Iron\resources\inspector\sdk";"66"
"sdk_test_runner";"C:\apps\PortableApps\IronPortable\App\Iron\resources\inspector\sdk_test_runner";"78"
"search";"C:\apps\PortableApps\IronPortable\App\Iron\resources\inspector\search";"69"
"security";"C:\apps\PortableApps\IronPortable\App\Iron\resources\inspector\security";"71"
"security_test_runner";"C:\apps\PortableApps\IronPortable\App\Iron\resources\inspector\security_test_runner";"83"
"services";"C:\apps\PortableApps\IronPortable\App\Iron\resources\inspector\services";"71"
"settings";"C:\apps\PortableApps\IronPortable\App\Iron\resources\inspector\settings";"71"
"snippets";"C:\apps\PortableApps\IronPortable\App\Iron\resources\inspector\snippets";"71"
"sources";"C:\apps\PortableApps\IronPortable\App\Iron\resources\inspector\sources";"70"
"sources_test_runner";"C:\apps\PortableApps\IronPortable\App\Iron\resources\inspector\sources_test_runner";"82"
"source_frame";"C:\apps\PortableApps\IronPortable\App\Iron\resources\inspector\source_frame";"75"
"test_runner";"C:\apps\PortableApps\IronPortable\App\Iron\resources\inspector\test_runner";"74"
"text_editor";"C:\apps\PortableApps\IronPortable\App\Iron\resources\inspector\text_editor";"74"
"text_utils";"C:\apps\PortableApps\IronPortable\App\Iron\resources\inspector\text_utils";"73"
"third_party";"C:\apps\PortableApps\IronPortable\App\Iron\resources\inspector\third_party";"74"
"timeline";"C:\apps\PortableApps\IronPortable\App\Iron\resources\inspector\timeline";"71"
"timeline_model";"C:\apps\PortableApps\IronPortable\App\Iron\resources\inspector\timeline_model";"77"
"toolbox_bootstrap";"C:\apps\PortableApps\IronPortable\App\Iron\resources\inspector\toolbox_bootstrap";"80"
"ui";"C:\apps\PortableApps\IronPortable\App\Iron\resources\inspector\ui";"65"
"wasmparser_worker";"C:\apps\PortableApps\IronPortable\App\Iron\resources\inspector\wasmparser_worker";"80"
"webauthn";"C:\apps\PortableApps\IronPortable\App\Iron\resources\inspector\webauthn";"71"
"web_audio";"C:\apps\PortableApps\IronPortable\App\Iron\resources\inspector\web_audio";"72"
"worker_main";"C:\apps\PortableApps\IronPortable\App\Iron\resources\inspector\worker_main";"74"
"worker_service";"C:\apps\PortableApps\IronPortable\App\Iron\resources\inspector\worker_service";"77"
"workspace";"C:\apps\PortableApps\IronPortable\App\Iron\resources\inspector\workspace";"72"
"workspace_diff";"C:\apps\PortableApps\IronPortable\App\Iron\resources\inspector\workspace_diff";"77"
"wasm_source_map";"C:\apps\PortableApps\IronPortable\App\Iron\resources\inspector\sdk\wasm_source_map";"82"
"pkg";"C:\apps\PortableApps\IronPortable\App\Iron\resources\inspector\sdk\wasm_source_map\pkg";"86"
"lighthouse";"C:\apps\PortableApps\IronPortable\App\Iron\resources\inspector\third_party\lighthouse";"85"
"locales";"C:\apps\PortableApps\IronPortable\App\Iron\resources\inspector\third_party\lighthouse\locales";"93"
"Dictionaries";"C:\apps\PortableApps\IronPortable\Data\Dictionaries";"51"
"extensions";"C:\apps\PortableApps\IronPortable\Data\extensions";"49"
"IronPortableData";"C:\apps\PortableApps\IronPortable\Data\IronPortableData";"55"
"Plugins";"C:\apps\PortableApps\IronPortable\Data\Plugins";"46"
"settings";"C:\apps\PortableApps\IronPortable\Data\settings";"47"
"BrowserMetrics";"C:\apps\PortableApps\IronPortable\Data\IronPortableData\BrowserMetrics";"70"
"CertificateRevocation";"C:\apps\PortableApps\IronPortable\Data\IronPortableData\CertificateRevocation";"77"
"Crashpad";"C:\apps\PortableApps\IronPortable\Data\IronPortableData\Crashpad";"64"
"Crowd Deny";"C:\apps\PortableApps\IronPortable\Data\IronPortableData\Crowd Deny";"66"
"Default";"C:\apps\PortableApps\IronPortable\Data\IronPortableData\Default";"63"
"ECSerivceProvidersConfig";"C:\apps\PortableApps\IronPortable\Data\IronPortableData\ECSerivceProvidersConfig";"80"
"FileTypePolicies";"C:\apps\PortableApps\IronPortable\Data\IronPortableData\FileTypePolicies";"72"
"Floc";"C:\apps\PortableApps\IronPortable\Data\IronPortableData\Floc";"60"
"InterventionPolicyDatabase";"C:\apps\PortableApps\IronPortable\Data\IronPortableData\InterventionPolicyDatabase";"82"
"MEIPreload";"C:\apps\PortableApps\IronPortable\Data\IronPortableData\MEIPreload";"66"
"OriginTrials";"C:\apps\PortableApps\IronPortable\Data\IronPortableData\OriginTrials";"68"
"pnacl";"C:\apps\PortableApps\IronPortable\Data\IronPortableData\pnacl";"61"
"PnaclTranslationCache";"C:\apps\PortableApps\IronPortable\Data\IronPortableData\PnaclTranslationCache";"77"
"SafetyTips";"C:\apps\PortableApps\IronPortable\Data\IronPortableData\SafetyTips";"66"
"ShaderCache";"C:\apps\PortableApps\IronPortable\Data\IronPortableData\ShaderCache";"67"
"SSLErrorAssistant";"C:\apps\PortableApps\IronPortable\Data\IronPortableData\SSLErrorAssistant";"73"
"Subresource Filter";"C:\apps\PortableApps\IronPortable\Data\IronPortableData\Subresource Filter";"74"
"TLSDeprecationConfig";"C:\apps\PortableApps\IronPortable\Data\IronPortableData\TLSDeprecationConfig";"76"
"WidevineCdm";"C:\apps\PortableApps\IronPortable\Data\IronPortableData\WidevineCdm";"67"
"reports";"C:\apps\PortableApps\IronPortable\Data\IronPortableData\Crashpad\reports";"72"
"AutofillStrikeDatabase";"C:\apps\PortableApps\IronPortable\Data\IronPortableData\Default\AutofillStrikeDatabase";"86"
"blob_storage";"C:\apps\PortableApps\IronPortable\Data\IronPortableData\Default\blob_storage";"76"
"BudgetDatabase";"C:\apps\PortableApps\IronPortable\Data\IronPortableData\Default\BudgetDatabase";"78"
"Cache";"C:\apps\PortableApps\IronPortable\Data\IronPortableData\Default\Cache";"69"
"Code Cache";"C:\apps\PortableApps\IronPortable\Data\IronPortableData\Default\Code Cache";"74"
"databases";"C:\apps\PortableApps\IronPortable\Data\IronPortableData\Default\databases";"73"
"data_reduction_proxy_leveldb";"C:\apps\PortableApps\IronPortable\Data\IronPortableData\Default\data_reduction_proxy_leveldb";"92"
"Extension Rules";"C:\apps\PortableApps\IronPortable\Data\IronPortableData\Default\Extension Rules";"79"
"Extension State";"C:\apps\PortableApps\IronPortable\Data\IronPortableData\Default\Extension State";"79"
"Extensions";"C:\apps\PortableApps\IronPortable\Data\IronPortableData\Default\Extensions";"74"
"Feature Engagement Tracker";"C:\apps\PortableApps\IronPortable\Data\IronPortableData\Default\Feature Engagement Tracker";"90"
"GCM Store";"C:\apps\PortableApps\IronPortable\Data\IronPortableData\Default\GCM Store";"73"
"GPUCache";"C:\apps\PortableApps\IronPortable\Data\IronPortableData\Default\GPUCache";"72"
"Local Storage";"C:\apps\PortableApps\IronPortable\Data\IronPortableData\Default\Local Storage";"77"
"Platform Notifications";"C:\apps\PortableApps\IronPortable\Data\IronPortableData\Default\Platform Notifications";"86"
"Session Storage";"C:\apps\PortableApps\IronPortable\Data\IronPortableData\Default\Session Storage";"79"
"shared_proto_db";"C:\apps\PortableApps\IronPortable\Data\IronPortableData\Default\shared_proto_db";"79"
"Site Characteristics Database";"C:\apps\PortableApps\IronPortable\Data\IronPortableData\Default\Site Characteristics Database";"93"
"Sync Data";"C:\apps\PortableApps\IronPortable\Data\IronPortableData\Default\Sync Data";"73"
"750e6027-ae11-4ac9-a885-a396065a9505";"C:\apps\PortableApps\IronPortable\Data\IronPortableData\Default\blob_storage\750e6027-ae11-4ac9-a885-a396065a9505";"113"
"js";"C:\apps\PortableApps\IronPortable\Data\IronPortableData\Default\Code Cache\js";"77"
"wasm";"C:\apps\PortableApps\IronPortable\Data\IronPortableData\Default\Code Cache\wasm";"79"
"index-dir";"C:\apps\PortableApps\IronPortable\Data\IronPortableData\Default\Code Cache\js\index-dir";"87"
"index-dir";"C:\apps\PortableApps\IronPortable\Data\IronPortableData\Default\Code Cache\wasm\index-dir";"89"
"AvailabilityDB";"C:\apps\PortableApps\IronPortable\Data\IronPortableData\Default\Feature Engagement Tracker\AvailabilityDB";"105"
"EventDB";"C:\apps\PortableApps\IronPortable\Data\IronPortableData\Default\Feature Engagement Tracker\EventDB";"98"
"Encryption";"C:\apps\PortableApps\IronPortable\Data\IronPortableData\Default\GCM Store\Encryption";"84"
"leveldb";"C:\apps\PortableApps\IronPortable\Data\IronPortableData\Default\Local Storage\leveldb";"85"
"metadata";"C:\apps\PortableApps\IronPortable\Data\IronPortableData\Default\shared_proto_db\metadata";"88"
"LevelDB";"C:\apps\PortableApps\IronPortable\Data\IronPortableData\Default\Sync Data\LevelDB";"81"
"0.57.44.2492";"C:\apps\PortableApps\IronPortable\Data\IronPortableData\pnacl\0.57.44.2492";"74"
"_metadata";"C:\apps\PortableApps\IronPortable\Data\IronPortableData\pnacl\0.57.44.2492\_metadata";"84"
"_platform_specific";"C:\apps\PortableApps\IronPortable\Data\IronPortableData\pnacl\0.57.44.2492\_platform_specific";"93"
"x86_64";"C:\apps\PortableApps\IronPortable\Data\IronPortableData\pnacl\0.57.44.2492\_platform_specific\x86_64";"100"
"GPUCache";"C:\apps\PortableApps\IronPortable\Data\IronPortableData\ShaderCache\GPUCache";"76"
"Unindexed Rules";"C:\apps\PortableApps\IronPortable\Data\IronPortableData\Subresource Filter\Unindexed Rules";"90"
"Help";"C:\apps\PortableApps\IronPortable\Other\Help";"44"
"Source";"C:\apps\PortableApps\IronPortable\Other\Source";"46"
"images";"C:\apps\PortableApps\IronPortable\Other\Help\images";"51"
"bin";"C:\apps\PortableApps\pdfsam\bin";"31"
"doc";"C:\apps\PortableApps\pdfsam\doc";"31"
"lib";"C:\apps\PortableApps\pdfsam\lib";"31"
"runtime";"C:\apps\PortableApps\pdfsam\runtime";"35"
"third-party";"C:\apps\PortableApps\pdfsam\doc\third-party";"43"
"bouncy-castle";"C:\apps\PortableApps\pdfsam\doc\third-party\bouncy-castle";"57"
"commons-io";"C:\apps\PortableApps\pdfsam\doc\third-party\commons-io";"54"
"commons-lang";"C:\apps\PortableApps\pdfsam\doc\third-party\commons-lang";"56"
"event-studio";"C:\apps\PortableApps\pdfsam\doc\third-party\event-studio";"56"
"fontawesomeFx";"C:\apps\PortableApps\pdfsam\doc\third-party\fontawesomeFx";"57"
"fontbox";"C:\apps\PortableApps\pdfsam\doc\third-party\fontbox";"51"
"gettext-commons";"C:\apps\PortableApps\pdfsam\doc\third-party\gettext-commons";"59"
"hibernate-validator";"C:\apps\PortableApps\pdfsam\doc\third-party\hibernate-validator";"63"
"Inject";"C:\apps\PortableApps\pdfsam\doc\third-party\Inject";"50"
"jackson";"C:\apps\PortableApps\pdfsam\doc\third-party\jackson";"51"
"logback";"C:\apps\PortableApps\pdfsam\doc\third-party\logback";"51"
"sambox";"C:\apps\PortableApps\pdfsam\doc\third-party\sambox";"50"
"sejda";"C:\apps\PortableApps\pdfsam\doc\third-party\sejda";"49"
"sejda-injector";"C:\apps\PortableApps\pdfsam\doc\third-party\sejda-injector";"58"
"sejda-io";"C:\apps\PortableApps\pdfsam\doc\third-party\sejda-io";"52"
"slf4j";"C:\apps\PortableApps\pdfsam\doc\third-party\slf4j";"49"
"validation-api";"C:\apps\PortableApps\pdfsam\doc\third-party\validation-api";"58"
"bin";"C:\apps\PortableApps\pdfsam\runtime\bin";"39"
"conf";"C:\apps\PortableApps\pdfsam\runtime\conf";"40"
"legal";"C:\apps\PortableApps\pdfsam\runtime\legal";"41"
"lib";"C:\apps\PortableApps\pdfsam\runtime\lib";"39"
"client";"C:\apps\PortableApps\pdfsam\runtime\bin\client";"46"
"server";"C:\apps\PortableApps\pdfsam\runtime\bin\server";"46"
"security";"C:\apps\PortableApps\pdfsam\runtime\conf\security";"49"
"policy";"C:\apps\PortableApps\pdfsam\runtime\conf\security\policy";"56"
"limited";"C:\apps\PortableApps\pdfsam\runtime\conf\security\policy\limited";"64"
"unlimited";"C:\apps\PortableApps\pdfsam\runtime\conf\security\policy\unlimited";"66"
"java.base";"C:\apps\PortableApps\pdfsam\runtime\legal\java.base";"51"
"java.datatransfer";"C:\apps\PortableApps\pdfsam\runtime\legal\java.datatransfer";"59"
"java.desktop";"C:\apps\PortableApps\pdfsam\runtime\legal\java.desktop";"54"
"java.logging";"C:\apps\PortableApps\pdfsam\runtime\legal\java.logging";"54"
"java.naming";"C:\apps\PortableApps\pdfsam\runtime\legal\java.naming";"53"
"java.prefs";"C:\apps\PortableApps\pdfsam\runtime\legal\java.prefs";"52"
"java.scripting";"C:\apps\PortableApps\pdfsam\runtime\legal\java.scripting";"56"
"java.security.sasl";"C:\apps\PortableApps\pdfsam\runtime\legal\java.security.sasl";"60"
"java.sql";"C:\apps\PortableApps\pdfsam\runtime\legal\java.sql";"50"
"java.transaction.xa";"C:\apps\PortableApps\pdfsam\runtime\legal\java.transaction.xa";"61"
"java.xml";"C:\apps\PortableApps\pdfsam\runtime\legal\java.xml";"50"
"jdk.unsupported";"C:\apps\PortableApps\pdfsam\runtime\legal\jdk.unsupported";"57"
"client";"C:\apps\PortableApps\pdfsam\runtime\lib\client";"46"
"security";"C:\apps\PortableApps\pdfsam\runtime\lib\security";"48"
"server";"C:\apps\PortableApps\pdfsam\runtime\lib\server";"46"
"App";"C:\apps\PortableApps\PDFTKBuilderPortable\App";"45"
"Data";"C:\apps\PortableApps\PDFTKBuilderPortable\Data";"46"
"Other";"C:\apps\PortableApps\PDFTKBuilderPortable\Other";"47"
"AppInfo";"C:\apps\PortableApps\PDFTKBuilderPortable\App\AppInfo";"53"
"pdftkbuilder";"C:\apps\PortableApps\PDFTKBuilderPortable\App\pdftkbuilder";"58"
"Launcher";"C:\apps\PortableApps\PDFTKBuilderPortable\App\AppInfo\Launcher";"62"
"tmp";"C:\apps\PortableApps\PDFTKBuilderPortable\App\pdftkbuilder\tmp";"62"
"settings";"C:\apps\PortableApps\PDFTKBuilderPortable\Data\settings";"55"
"Help";"C:\apps\PortableApps\PDFTKBuilderPortable\Other\Help";"52"
"Source";"C:\apps\PortableApps\PDFTKBuilderPortable\Other\Source";"54"
"images";"C:\apps\PortableApps\PDFTKBuilderPortable\Other\Help\images";"59"
"App";"C:\apps\PortableApps\PortableApps.com\App";"41"
"Assets";"C:\apps\PortableApps\PortableApps.com\Assets";"44"
"Data";"C:\apps\PortableApps\PortableApps.com\Data";"42"
"Other";"C:\apps\PortableApps\PortableApps.com\Other";"43"
"7-Zip";"C:\apps\PortableApps\PortableApps.com\App\7-Zip";"47"
"AppInfo";"C:\apps\PortableApps\PortableApps.com\App\AppInfo";"49"
"Bin";"C:\apps\PortableApps\PortableApps.com\App\Bin";"45"
"DefaultData";"C:\apps\PortableApps\PortableApps.com\App\DefaultData";"53"
"Graphics";"C:\apps\PortableApps\PortableApps.com\App\Graphics";"50"
"Locale";"C:\apps\PortableApps\PortableApps.com\App\Locale";"48"
"AppIcons";"C:\apps\PortableApps\PortableApps.com\App\Graphics\AppIcons";"59"
"Chrome";"C:\apps\PortableApps\PortableApps.com\App\Graphics\Chrome";"57"
"Dialogs";"C:\apps\PortableApps\PortableApps.com\App\Graphics\Dialogs";"58"
"MenuButtons";"C:\apps\PortableApps\PortableApps.com\App\Graphics\MenuButtons";"62"
"MenuCategories";"C:\apps\PortableApps\PortableApps.com\App\Graphics\MenuCategories";"65"
"MenuIcons";"C:\apps\PortableApps\PortableApps.com\App\Graphics\MenuIcons";"60"
"Misc";"C:\apps\PortableApps\PortableApps.com\App\Graphics\Misc";"55"
"Themes";"C:\apps\PortableApps\PortableApps.com\App\Graphics\Themes";"57"
"UpdaterIcons";"C:\apps\PortableApps\PortableApps.com\App\Graphics\UpdaterIcons";"63"
"WindowsFolderIcons";"C:\apps\PortableApps\PortableApps.com\App\Graphics\WindowsFolderIcons";"69"
"Classic";"C:\apps\PortableApps\PortableApps.com\App\Graphics\Themes\Classic";"65"
"ClassicDark";"C:\apps\PortableApps\PortableApps.com\App\Graphics\Themes\ClassicDark";"69"
"Default";"C:\apps\PortableApps\PortableApps.com\App\Graphics\Themes\Default";"65"
"DefaultDark";"C:\apps\PortableApps\PortableApps.com\App\Graphics\Themes\DefaultDark";"69"
"Flat";"C:\apps\PortableApps\PortableApps.com\App\Graphics\Themes\Flat";"62"
"FlatDark";"C:\apps\PortableApps\PortableApps.com\App\Graphics\Themes\FlatDark";"66"
"Glassy";"C:\apps\PortableApps\PortableApps.com\App\Graphics\Themes\Glassy";"64"
"GlassyDark";"C:\apps\PortableApps\PortableApps.com\App\Graphics\Themes\GlassyDark";"68"
"Modern";"C:\apps\PortableApps\PortableApps.com\App\Graphics\Themes\Modern";"64"
"ModernDark";"C:\apps\PortableApps\PortableApps.com\App\Graphics\Themes\ModernDark";"68"
"Retro";"C:\apps\PortableApps\PortableApps.com\App\Graphics\Themes\Retro";"63"
"RetroDark";"C:\apps\PortableApps\PortableApps.com\App\Graphics\Themes\RetroDark";"67"
"Smooth";"C:\apps\PortableApps\PortableApps.com\App\Graphics\Themes\Smooth";"64"
"SmoothDark";"C:\apps\PortableApps\PortableApps.com\App\Graphics\Themes\SmoothDark";"68"
"menu_icons";"C:\apps\PortableApps\PortableApps.com\App\Graphics\Themes\Default\menu_icons";"76"
"menu_icons";"C:\apps\PortableApps\PortableApps.com\App\Graphics\Themes\DefaultDark\menu_icons";"80"
"Source";"C:\apps\PortableApps\PortableApps.com\Other\Source";"50"
"App";"C:\apps\PortableApps\PuTTYPortable\App";"38"
"Data";"C:\apps\PortableApps\PuTTYPortable\Data";"39"
"Other";"C:\apps\PortableApps\PuTTYPortable\Other";"40"
"AppInfo";"C:\apps\PortableApps\PuTTYPortable\App\AppInfo";"46"
"putty";"C:\apps\PortableApps\PuTTYPortable\App\putty";"44"
"Launcher";"C:\apps\PortableApps\PuTTYPortable\App\AppInfo\Launcher";"55"
"settings";"C:\apps\PortableApps\PuTTYPortable\Data\settings";"48"
"Help";"C:\apps\PortableApps\PuTTYPortable\Other\Help";"45"
"Source";"C:\apps\PortableApps\PuTTYPortable\Other\Source";"47"
"images";"C:\apps\PortableApps\PuTTYPortable\Other\Help\images";"52"
"lang";"C:\apps\PortableApps\Recuva\lang";"32"
"App";"C:\apps\PortableApps\RegshotPortable\App";"40"
"Data";"C:\apps\PortableApps\RegshotPortable\Data";"41"
"Other";"C:\apps\PortableApps\RegshotPortable\Other";"42"
"AppInfo";"C:\apps\PortableApps\RegshotPortable\App\AppInfo";"48"
"DefaultData";"C:\apps\PortableApps\RegshotPortable\App\DefaultData";"52"
"regshot";"C:\apps\PortableApps\RegshotPortable\App\regshot";"48"
"Launcher";"C:\apps\PortableApps\RegshotPortable\App\AppInfo\Launcher";"57"
"settings";"C:\apps\PortableApps\RegshotPortable\App\DefaultData\settings";"61"
"Help";"C:\apps\PortableApps\RegshotPortable\Other\Help";"47"
"Source";"C:\apps\PortableApps\RegshotPortable\Other\Source";"49"
"images";"C:\apps\PortableApps\RegshotPortable\Other\Help\images";"54"
"App";"C:\apps\PortableApps\SSD-ZPortable\App";"38"
"Data";"C:\apps\PortableApps\SSD-ZPortable\Data";"39"
"Other";"C:\apps\PortableApps\SSD-ZPortable\Other";"40"
"AppInfo";"C:\apps\PortableApps\SSD-ZPortable\App\AppInfo";"46"
"SSD-Z";"C:\apps\PortableApps\SSD-ZPortable\App\SSD-Z";"44"
"Launcher";"C:\apps\PortableApps\SSD-ZPortable\App\AppInfo\Launcher";"55"
"settings";"C:\apps\PortableApps\SSD-ZPortable\Data\settings";"48"
"Help";"C:\apps\PortableApps\SSD-ZPortable\Other\Help";"45"
"Source";"C:\apps\PortableApps\SSD-ZPortable\Other\Source";"47"
"Images";"C:\apps\PortableApps\SSD-ZPortable\Other\Help\Images";"52"
"sumatrapdfcache";"C:\apps\PortableApps\Sumatra\sumatrapdfcache";"44"
"App";"C:\apps\PortableApps\SystemExplorerPortable\App";"47"
"Data";"C:\apps\PortableApps\SystemExplorerPortable\Data";"48"
"Other";"C:\apps\PortableApps\SystemExplorerPortable\Other";"49"
"AppInfo";"C:\apps\PortableApps\SystemExplorerPortable\App\AppInfo";"55"
"DefaultData";"C:\apps\PortableApps\SystemExplorerPortable\App\DefaultData";"59"
"SystemExplorer";"C:\apps\PortableApps\SystemExplorerPortable\App\SystemExplorer";"62"
"Launcher";"C:\apps\PortableApps\SystemExplorerPortable\App\AppInfo\Launcher";"64"
"languages";"C:\apps\PortableApps\SystemExplorerPortable\App\SystemExplorer\languages";"72"
"service";"C:\apps\PortableApps\SystemExplorerPortable\App\SystemExplorer\service";"70"
"PortableApps.comInstaller";"C:\apps\PortableApps\SystemExplorerPortable\Data\PortableApps.comInstaller";"74"
"settings";"C:\apps\PortableApps\SystemExplorerPortable\Data\settings";"57"
"snapshots";"C:\apps\PortableApps\SystemExplorerPortable\Data\snapshots";"58"
"Help";"C:\apps\PortableApps\SystemExplorerPortable\Other\Help";"54"
"Source";"C:\apps\PortableApps\SystemExplorerPortable\Other\Source";"56"
"images";"C:\apps\PortableApps\SystemExplorerPortable\Other\Help\images";"61"
"App";"C:\apps\PortableApps\WinDirStatPortable\App";"43"
"Data";"C:\apps\PortableApps\WinDirStatPortable\Data";"44"
"Other";"C:\apps\PortableApps\WinDirStatPortable\Other";"45"
"AppInfo";"C:\apps\PortableApps\WinDirStatPortable\App\AppInfo";"51"
"DefaultData";"C:\apps\PortableApps\WinDirStatPortable\App\DefaultData";"55"
"WinDirStat";"C:\apps\PortableApps\WinDirStatPortable\App\WinDirStat";"54"
"Launcher";"C:\apps\PortableApps\WinDirStatPortable\App\AppInfo\Launcher";"60"
"settings";"C:\apps\PortableApps\WinDirStatPortable\App\DefaultData\settings";"64"
"settings";"C:\apps\PortableApps\WinDirStatPortable\Data\settings";"53"
"Help";"C:\apps\PortableApps\WinDirStatPortable\Other\Help";"50"
"Source";"C:\apps\PortableApps\WinDirStatPortable\Other\Source";"52"
"images";"C:\apps\PortableApps\WinDirStatPortable\Other\Help\images";"57"
"App";"C:\apps\PortableApps\WinSCPPortable\App";"39"
"Data";"C:\apps\PortableApps\WinSCPPortable\Data";"40"
"Other";"C:\apps\PortableApps\WinSCPPortable\Other";"41"
"AppInfo";"C:\apps\PortableApps\WinSCPPortable\App\AppInfo";"47"
"DefaultData";"C:\apps\PortableApps\WinSCPPortable\App\DefaultData";"51"
"winscp";"C:\apps\PortableApps\WinSCPPortable\App\winscp";"46"
"settings";"C:\apps\PortableApps\WinSCPPortable\App\DefaultData\settings";"60"
"settings";"C:\apps\PortableApps\WinSCPPortable\Data\settings";"49"
"Help";"C:\apps\PortableApps\WinSCPPortable\Other\Help";"46"
"Source";"C:\apps\PortableApps\WinSCPPortable\Other\Source";"48"
"Images";"C:\apps\PortableApps\WinSCPPortable\Other\Help\Images";"53"
"App";"C:\apps\PortableApps\WiseDataRecoveryPortable\App";"49"
"Data";"C:\apps\PortableApps\WiseDataRecoveryPortable\Data";"50"
"Other";"C:\apps\PortableApps\WiseDataRecoveryPortable\Other";"51"
"AppInfo";"C:\apps\PortableApps\WiseDataRecoveryPortable\App\AppInfo";"57"
"DefaultData";"C:\apps\PortableApps\WiseDataRecoveryPortable\App\DefaultData";"61"
"WiseDataRecovery";"C:\apps\PortableApps\WiseDataRecoveryPortable\App\WiseDataRecovery";"66"
"WiseDataRecovery64";"C:\apps\PortableApps\WiseDataRecoveryPortable\App\WiseDataRecovery64";"68"
"Launcher";"C:\apps\PortableApps\WiseDataRecoveryPortable\App\AppInfo\Launcher";"66"
"settings";"C:\apps\PortableApps\WiseDataRecoveryPortable\App\DefaultData\settings";"70"
"Languages";"C:\apps\PortableApps\WiseDataRecoveryPortable\App\WiseDataRecovery\Languages";"76"
"Languages";"C:\apps\PortableApps\WiseDataRecoveryPortable\App\WiseDataRecovery64\Languages";"78"
"PortableApps.comInstaller";"C:\apps\PortableApps\WiseDataRecoveryPortable\Data\PortableApps.comInstaller";"76"
"settings";"C:\apps\PortableApps\WiseDataRecoveryPortable\Data\settings";"59"
"Help";"C:\apps\PortableApps\WiseDataRecoveryPortable\Other\Help";"56"
"Source";"C:\apps\PortableApps\WiseDataRecoveryPortable\Other\Source";"58"
"Images";"C:\apps\PortableApps\WiseDataRecoveryPortable\Other\Help\Images";"63"
"App";"C:\apps\PortableApps\WiseDiskCleanerPortable\App";"48"
"Data";"C:\apps\PortableApps\WiseDiskCleanerPortable\Data";"49"
"Other";"C:\apps\PortableApps\WiseDiskCleanerPortable\Other";"50"
"AppInfo";"C:\apps\PortableApps\WiseDiskCleanerPortable\App\AppInfo";"56"
"DefaultData";"C:\apps\PortableApps\WiseDiskCleanerPortable\App\DefaultData";"60"
"WiseDiskCleaner";"C:\apps\PortableApps\WiseDiskCleanerPortable\App\WiseDiskCleaner";"64"
"Launcher";"C:\apps\PortableApps\WiseDiskCleanerPortable\App\AppInfo\Launcher";"65"
"settings";"C:\apps\PortableApps\WiseDiskCleanerPortable\App\DefaultData\settings";"69"
"Languages";"C:\apps\PortableApps\WiseDiskCleanerPortable\App\WiseDiskCleaner\Languages";"74"
"PortableApps.comInstaller";"C:\apps\PortableApps\WiseDiskCleanerPortable\Data\PortableApps.comInstaller";"75"
"settings";"C:\apps\PortableApps\WiseDiskCleanerPortable\Data\settings";"58"
"WiseDiskCleanerAPPDATA";"C:\apps\PortableApps\WiseDiskCleanerPortable\Data\WiseDiskCleanerAPPDATA";"72"
"UpdateInfo";"C:\apps\PortableApps\WiseDiskCleanerPortable\Data\WiseDiskCleanerAPPDATA\UpdateInfo";"83"
"Help";"C:\apps\PortableApps\WiseDiskCleanerPortable\Other\Help";"55"
"Source";"C:\apps\PortableApps\WiseDiskCleanerPortable\Other\Source";"57"
"Images";"C:\apps\PortableApps\WiseDiskCleanerPortable\Other\Help\Images";"62"
"App";"C:\apps\PortableApps\ZintPortable\App";"37"
"Data";"C:\apps\PortableApps\ZintPortable\Data";"38"
"Other";"C:\apps\PortableApps\ZintPortable\Other";"39"
"AppInfo";"C:\apps\PortableApps\ZintPortable\App\AppInfo";"45"
"Zint";"C:\apps\PortableApps\ZintPortable\App\Zint";"42"
"Launcher";"C:\apps\PortableApps\ZintPortable\App\AppInfo\Launcher";"54"
"tcl";"C:\apps\PortableApps\ZintPortable\App\Zint\tcl";"46"
"settings";"C:\apps\PortableApps\ZintPortable\Data\settings";"47"
"Help";"C:\apps\PortableApps\ZintPortable\Other\Help";"44"
"Source";"C:\apps\PortableApps\ZintPortable\Other\Source";"46"
"Images";"C:\apps\PortableApps\ZintPortable\Other\Help\Images";"51"
"App";"C:\apps\PortableApps\ZoomItPortable\App";"39"
"Data";"C:\apps\PortableApps\ZoomItPortable\Data";"40"
"AppInfo";"C:\apps\PortableApps\ZoomItPortable\App\AppInfo";"47"
"ZoomIt";"C:\apps\PortableApps\ZoomItPortable\App\ZoomIt";"46"
"PortableApps.comInstaller";"C:\apps\PortableApps\ZoomItPortable\Data\PortableApps.comInstaller";"66"
"settings";"C:\apps\PortableApps\ZoomItPortable\Data\settings";"49"
"bat";"C:\apps\tools\bat";"17"
"beeftext";"C:\apps\tools\beeftext";"22"
"Disk2vhd";"C:\apps\tools\Disk2vhd";"22"
"dontsleep";"C:\apps\tools\dontsleep";"23"
"fastimageresizer";"C:\apps\tools\fastimageresizer";"30"
"JtImageMagick";"C:\apps\tools\JtImageMagick";"25"
"keypress";"C:\apps\tools\keypress";"22"
"LongPathEraser";"C:\apps\tools\LongPathEraser";"28"
"quickrestore";"C:\apps\tools\quickrestore";"26"
"remap";"C:\apps\tools\remap";"19"
"robocopy";"C:\apps\tools\robocopy";"22"
"screenshot";"C:\apps\tools\screenshot";"24"
"simplify_pdf";"C:\apps\tools\simplify_pdf";"26"
"sysinternals";"C:\apps\tools\sysinternals";"26"
"thunderbird adressbuch gemeinsam verwenden";"C:\apps\tools\thunderbird adressbuch gemeinsam verwenden";"56"
"time";"C:\apps\tools\time";"18"
"UserBenchmark";"C:\apps\tools\UserBenchmark";"27"
"webcamviewer";"C:\apps\tools\webcamviewer";"26"
"windowgrid";"C:\apps\tools\windowgrid";"24"
"xpdf-tools-win-4.02";"C:\apps\tools\xpdf-tools-win-4.02";"33"
"zip";"C:\apps\tools\zip";"17"
"soll_ich_heute";"C:\apps\tools\bat\soll_ich_heute";"32"
"_old";"C:\apps\tools\bat\_old";"22"
"audio";"C:\apps\tools\beeftext\audio";"28"
"Data";"C:\apps\tools\beeftext\Data";"27"
"emojis";"C:\apps\tools\beeftext\emojis";"29"
"imageformats";"C:\apps\tools\beeftext\imageformats";"35"
"platforms";"C:\apps\tools\beeftext\platforms";"32"
"styles";"C:\apps\tools\beeftext\styles";"29"
"translations";"C:\apps\tools\beeftext\translations";"35"
"Backup";"C:\apps\tools\beeftext\Data\Backup";"34"
"fr";"C:\apps\tools\beeftext\translations\fr";"38"
"$PLUGINSDIR";"C:\apps\tools\fastimageresizer\$PLUGINSDIR";"42"
"images";"C:\apps\tools\JtImageMagick\images";"32"
"www";"C:\apps\tools\JtImageMagick\www";"29"
"patterns";"C:\apps\tools\JtImageMagick\images\patterns";"41"
"api";"C:\apps\tools\JtImageMagick\www\api";"33"
"Magick++";"C:\apps\tools\JtImageMagick\www\Magick++";"38"
"source";"C:\apps\tools\JtImageMagick\www\source";"36"
"MagickCore";"C:\apps\tools\JtImageMagick\www\api\MagickCore";"44"
"MagickWand";"C:\apps\tools\JtImageMagick\www\api\MagickWand";"44"
"Tastatur und Maustasten anzeigen";"C:\apps\tools\keypress\Tastatur und Maustasten anzeigen";"55"
"Rocketdock Icon";"C:\apps\tools\quickrestore\Rocketdock Icon";"42"
"empty";"C:\apps\tools\robocopy\empty";"28"
"Beispiel_1_Screenshot_in_C.WARTUNG";"C:\apps\tools\screenshot\Beispiel_1_Screenshot_in_C.WARTUNG";"59"
"Beispiel_2_Screenshot_in_TEMP";"C:\apps\tools\screenshot\Beispiel_2_Screenshot_in_TEMP";"54"
"Irfanview fuer Screenshot einrichten";"C:\apps\tools\screenshot\Irfanview fuer Screenshot einrichten";"61"
"Tools";"C:\apps\tools\screenshot\Tools";"30"
"thunderbird";"C:\apps\tools\thunderbird adressbuch gemeinsam verwenden\thunderbird";"68"
"thunderbird";"C:\apps\tools\thunderbird adressbuch gemeinsam verwenden\thunderbird\thunderbird";"80"
"icons";"C:\apps\tools\thunderbird adressbuch gemeinsam verwenden\thunderbird\thunderbird\icons";"86"
"ldif";"C:\apps\tools\thunderbird adressbuch gemeinsam verwenden\thunderbird\thunderbird\ldif";"85"
"_old";"C:\apps\tools\time\_old";"23"
"bin32";"C:\apps\tools\xpdf-tools-win-4.02\bin32";"39"
"bin64";"C:\apps\tools\xpdf-tools-win-4.02\bin64";"39"
"doc";"C:\apps\tools\xpdf-tools-win-4.02\doc";"37"
